<!DOCTYPE profile>
<profile>
 <data name="CommandPrefix">0x0</data>
 <data name="UseObjectsQueue">False</data>
 <data name="ShowCorpseNames">False</data>
 <data name="ShowCreatureNames">False</data>
 <data name="OpenCorpses">True</data>
 <data name="OpenCorpsesRange">0x2</data>
 <data name="ShowMobileHits">True</data>
 <data name="PositionInTitle">False</data>
 <data name="ForceResolution">True</data>
 <data name="GameWindowWidth">0x44c</data>
 <data name="GameWindowHeight">0x2ee</data>
 <data name="FilterLight">True</data>
 <data name="FilterMusic">False</data>
 <data name="FilterBardsMusic">False</data>
 <data name="FilterSound">False</data>
 <data name="FilterWeather">False</data>
 <data name="FilterSeason">False</data>
 <data name="FixedSeason">0x0</data>
 <data name="FilterDeath">False</data>
 <data name="FilterRepeatedMessages">False</data>
 <data name="FilterOthersSpeechColor">False</data>
 <data name="FilterSnoopingMessages">False</data>
 <data name="FilterTradeWindow">False</data>
 <data name="FilterRewardGump">False</data>
 <data name="HandsBeforePotions">False</data>
 <data name="HandsBeforeCasting">False</data>
 <data name="SmartTarget">0x2</data>
 <data name="SmartTargetRange">False</data>
 <data name="SmartTargetRangeValue">0xc</data>
 <data name="HighlightCurrentTarget">True</data>
 <data name="BlockInvalidHeal">False</data>
 <data name="ActionDelay">0x0</data>
 <data name="UseObjectsLimit">0x1</data>
 <data name="TargetShare">0x1</data>
 <data name="MountSerial">0x302702</data>
 <data name="BladeSerial">0xffffffff</data>
 <data name="BoneCutter">False</data>
 <data name="AutoMount">False</data>
 <data name="AutoBandage">False</data>
 <data name="AutoBandageTarget">0x0</data>
 <data name="AutoBandageScale">True</data>
 <data name="AutoBandageCount">True</data>
 <data name="AutoBandageStart">True</data>
 <data name="AutoBandageStartValue">0x64</data>
 <data name="AutoBandageDelay">0x1d4c</data>
 <data name="AutoBandageFormula">False</data>
 <data name="AutoBandageHidden">True</data>
 <data name="OpenDoors">False</data>
 <data name="UseDoors">False</data>
 <data name="SpellsColor">True</data>
 <data name="SpellsMode">0x0</data>
 <data name="SpellsTargetShare">0x0</data>
 <data name="OpenDoorsMode">0x0</data>
 <data name="OpenCorpsesMode">0x3</data>
 <data name="ShowMobileFlags">False</data>
 <data name="StateHighlightMode">0x0</data>
 <data name="StaticFields">False</data>
 <data name="CountStealthSteps">False</data>
 <data name="FriendsListOnly">False</data>
 <data name="FriendsParty">True</data>
 <data name="MoveConflictingItems">False</data>
 <data name="CustomCaption">True</data>
 <data name="CustomCaptionMode">0x1</data>
 <data name="CustomCaptionText">$name  $statusbar -  %bandage %fs  %mana %heal %invis %refresh %shrink %explosion  _/*\_ %uva  %strength %arrow %bolt  %peixe</data>
 <data name="WarnCounters">True</data>
 <data name="WarnCountersValue">0xa</data>
 <data name="HighlightReagents">True</data>
 <data name="DisplayCountersName">False</data>
 <data name="CaptionUseNotoHue">True</data>
 <data name="CaptionUseNotoHue">True</data>
 <data name="DisplayCountersImage">True</data>
 <data name="FilterKarmaMessages">False</data>
 <data name="FilterFameMessages">False</data>
 <data name="PreventDismount">False</data>
 <data name="PreventAttackFriends">False</data>
 <data name="AutoSearchContainers">False</data>
 <data name="AutoAcceptParty">False</data>
 <data name="StaticFieldsMode">0x0</data>
 <scavenger enabled="False"/>
 <autosearchexemptions/>
 <objects>
  <obj name="arma">0x4014ec34</obj>
  <obj name="bagmining">0x4025a215</obj>
  <obj name="bagsnoop">0x4031f397</obj>
  <obj name="bankitens">0x4025a210</obj>
  <obj name="banklogs">0x4025a215</obj>
  <obj name="bankminerios">0x4025a215</obj>
  <obj name="bau2">0x400a0802</obj>
  <obj name="baucarp">0x40253db5</obj>
  <obj name="bauinscription">0x400a07fe</obj>
  <obj name="baumateriais">0x40026bca</obj>
  <obj name="belt">0x40061c64</obj>
  <obj name="bow">0x40358c42</obj>
  <obj name="containerdobarco">0x400b04aa</obj>
  <obj name="discordt">0x62140</obj>
  <obj name="faca">0x401b93f3</obj>
  <obj name="found">0x4013c4a7</obj>
  <obj name="machado">0x4019fd7e</obj>
  <obj name="montaria">0x123747</obj>
  <obj name="npcbegging">0x2fb737</obj>
  <obj name="picareta">0x4012529f</obj>
  <obj name="portalockpick">0x402f15a8</obj>
  <obj name="runebooklumber">0x40077d7c</obj>
  <obj name="runebookmining">0x40077d7c</obj>
  <obj name="seguir">0x28d28d</obj>
  <obj name="taming">0x12d787</obj>
  <obj name="tamingtreino">0x2fa39f</obj>
  <obj name="tofollow">0xf1bd4</obj>
  <obj name="tti">0x40231d28</obj>
  <obj name="vara">0x400af5dd</obj>
 </objects>
 <hotkeys>
  <hotkey key="0x101" action="macro.play" pass="False" param="Recall"/>
  <hotkey key="0x214" action="macro.play" pass="False" param="Bank"/>
  <hotkey key="0xde" action="macro.play" pass="False" param="Combate"/>
  <hotkey key="0x2de" action="macro.play" pass="False" param="Combate Bow"/>
  <hotkey key="0x2e" action="macro.play" pass="False" param="Desequipar"/>
  <hotkey key="0x74" action="macro.play" pass="False" param="FlameStrike Last"/>
  <hotkey key="0x73" action="macro.play" pass="False" param="Last MagicArrow"/>
  <hotkey key="0x77" action="macro.play" pass="False" param="Last Lighting"/>
  <hotkey key="0x76" action="macro.play" pass="False" param="Last Paralize"/>
  <hotkey key="0x103" action="macro.play" pass="False" param="Potion Mana"/>
  <hotkey key="0x104" action="macro.play" pass="False" param="Potion Heal"/>
  <hotkey key="0x7a" action="macro.play" pass="False" param="Self MReflect"/>
  <hotkey key="0x404" action="macro.play" pass="False" param="Potion Invis"/>
  <hotkey key="0x804" action="macro.play" pass="False" param="Potion Refresh"/>
  <hotkey key="0x504" action="macro.play" pass="False" param="Potion Cure"/>
  <hotkey key="0x501" action="macro.play" pass="False" param="Gate Sede"/>
  <hotkey key="0x75" action="macro.play" pass="False" param="Last Poison"/>
  <hotkey key="0x78" action="macro.play" pass="False" param="Self Cure"/>
  <hotkey key="0x79" action="macro.play" pass="False" param="Self GHeal"/>
  <hotkey key="0x102" action="macro.play" pass="False" param="Self Bandage"/>
  <hotkey key="0x502" action="macro.play" pass="False" param="Mount Bandage"/>
  <hotkey key="0x4de" action="macro.play" pass="False" param="UvaStr"/>
  <hotkey key="0x473" action="macro.play" pass="False" param="Last Clumsy"/>
  <hotkey key="0x7b" action="macro.play" pass="False" param="Self Arrow"/>
  <hotkey key="0x431" action="macro.play" pass="False" param="Self PField"/>
  <hotkey key="0x479" action="macro.play" pass="False" param="Self Buff"/>
  <hotkey key="0x4" action="macro.play" pass="False" param="Montaria"/>
  <hotkey key="0x858" action="macro.play" pass="False" param="AbrirFechar Porta"/>
  <hotkey key="0x301" action="macro.play" pass="False" param="Recall Hid"/>
  <hotkey key="0x4c0" action="macro.play" pass="False" param="MA Explosion"/>
  <hotkey key="0x14" action="actions.grabitem" pass="False"/>
  <hotkey key="0xc41" action="actions.shownames.all" pass="False"/>
  <hotkey key="0xc0" action="targeting.set.last" pass="False"/>
  <hotkey key="0x443" action="targeting.attack.last" pass="False"/>
  <hotkey key="0x71" action="actions.use.lastobject" pass="False"/>
  <hotkey key="0x85a" action="targeting.get.enemy.nearest.murderer.humanoid" pass="False"/>
  <hotkey key="0xe52" action="main.resync" pass="False"/>
  <hotkey key="0x446" action="targeting.friends.add" pass="False"/>
  <hotkey key="0x25a" action="targeting.get.enemy.next.criminal.humanoid" pass="False"/>
  <hotkey key="0x458" action="targeting.get.enemy.next.murderer.humanoid" pass="False"/>
  <hotkey key="0x45a" action="targeting.get.enemy.nearest.any" pass="False"/>
 </hotkeys>
 <macros>
  <macro name="Recall" interrupt="True" loop="False">msg '.recall 040077d7c,4';</macro>
  <macro name="Bank" interrupt="True" loop="False">if @findobject 0x4007732a;useobject 0x4007732a;waitforgump 0x444 15000;replygump 0x444 6;else;msg 'Banker Bank Guards';endif;</macro>
  <macro name="Combate" interrupt="True" loop="False">//Closed Helmet;if @findtype 0x1408 'any' 'backpack';@useobject 'found';endif;//Platemail Helmet;if @findtype 0x1412 'any' 'backpack';useobject 'found';endif;//Heater Shield;if @findtype 0x1b76 'any' 'backpack';useobject 'found';endif;//Arma;if @findobject 'Arma' 'any' 'backpack';@useobject! 'found';waitingfortarget;@target 'self';stop;endif;if @findlayer 'self' 1 or @findlayer 'self' 2;canceltarget;stop;endif;if not @findobject 'Arma' 'any' 'backpack';promptalias 'Arma';endif;</macro>
  <macro name="Combate Bow" interrupt="True" loop="False">if @findobject 'Bow' 'any' 'backpack';@useobject 'found';stop;endif;if @findlayer 'self' 1 or @findlayer 'self' 2;stop;endif;if not @findobject 'Bow' 'any' 'backpack';promptalias 'Bow';endif;</macro>
  <macro name="Desequipar" interrupt="True" loop="False">msg '.disarm';//Tall Straw;if @findtype 0x1716 'any' 'backpack';@useobject 'found';stop;endif;// Bear Mask;if @findtype 0x1546 'any' 'backpack' or @findtype 0x1545 'any' 'backpack' 0;@useobject 'found';stop;endif;// Deer Mask;if @findtype 0x1547 'any' 'backpack' or @findtype 0x1548 'any' 'backpack';@useobject 'found';stop;endif;// Orc Mask;if @findtype 0x141B 'any' 'backpack' or @findtype 0x141C 'any' 'backpack';@useobject 'found';stop;endif;// Tribal Mask P;if @findtype 0x1549 'any' 'backpack' or @findtype 0x154A 'any' 'backpack';@useobject 'found';stop;endif;// Tribal Mask G;if @findtype 0x154B 'any' 'backpack' or @findtype 0x154C 'any' 'backpack';@useobject 'found';stop;endif;</macro>
  <macro name="FlameStrike Last" interrupt="True" loop="False">if @findtype 0x1f5f 'backpack';autotargetenemy!;useobject! 'found';else;headmsg 'Sem scroll FS.' 55;autotargetenemy!;cast 'Flame Strike';endif;</macro>
  <macro name="Last MagicArrow" interrupt="True" loop="False">autotargetenemy!;cast "Magic Arrow";</macro>
  <macro name="Last Lighting" interrupt="True" loop="False">autotargetenemy!;cast "Lightning";</macro>
  <macro name="Last Paralize" interrupt="True" loop="False">autotargetenemy!;cast 'Paralyze';</macro>
  <macro name="Potion Mana" interrupt="True" loop="False">if @findtype 0xf0e 1152 'backpack';msg '.drinkmana';stop;else;headmsg 'Sem Mana Potion' 50 'self';endif;</macro>
  <macro name="Potion Heal" interrupt="True" loop="False">if @findtype 0xf0e 255 'backpack';msg '.drinkheal';stop;else;headmsg 'Sem Heal Potion' 50 'self';endif;</macro>
  <macro name="Self MReflect" interrupt="True" loop="False">autotargetself!;cast "Magic Reflection";</macro>
  <macro name="Potion Invis" interrupt="True" loop="False">// Beber Invis Pot;if @findtype 0xf0e 503 'backpack';msg '.drinkinvisibility';else;headmsg 'Sem Invis Potion' 50 'self';endif;</macro>
  <macro name="Potion Refresh" interrupt="True" loop="False">// Beber Refresh Pot;if @findtype 0xf0e 33 'backpack';msg '.drinkrefresh';else;headmsg 'Sem Refresh Potion' 50 'self';endif;</macro>
  <macro name="Potion Cure" interrupt="True" loop="False">// Beber Cure Pot;if @findtype 0xf0e 44 'backpack';msg '.drinkcure';else;headmsg 'Sem Cure Potion' 50 'self';endif;</macro>
  <macro name="Gate Sede" interrupt="True" loop="False">autotargettype! 0x1f14 'any' 'backpack';cast "Gate Travel";</macro>
  <macro name="Last Poison" interrupt="True" loop="False">autotargetenemy!;cast 'Poison';</macro>
  <macro name="Self Cure" interrupt="True" loop="False">autotargetself!;cast "cure";</macro>
  <macro name="Self GHeal" interrupt="True" loop="False">autotargetself!;cast "Greater Heal";</macro>
  <macro name="Self Bandage" interrupt="True" loop="False">// Self Bandage;if @findtype 0xe21 'any' 'backpack' 0;autotargetself!;useobject! 'found';else;headmsg 'Sem Bandage na Backpack' 50 'self';endif;</macro>
  <macro name="Mount Bandage" interrupt="True" loop="False">if @findtype 0xe21 'any' 'backpack' 0;autotargetobject! 'montaria';useobject 'found';else;headmsg 'Sem Bandage na Backpack' 50 'self';endif;</macro>
  <macro name="UvaStr" interrupt="True" loop="False">// Comer uva;if @findtype 0x9d1 1154 'backpack';useobject 'found';else;headmsg 'Sem Grape of Wrath' 50 'self';endif;pause 100;// Tomar Strength;if @findtype 0xf0e 906 'backpack';useobject 'found';else;headmsg '¨Sem Potion de Strength' 50 'self';endif;</macro>
  <macro name="Last Clumsy" interrupt="True" loop="False">autotargetenemy!;cast "Clumsy";</macro>
  <macro name="Self Arrow" interrupt="True" loop="False">autotargetself!;cast "Magic Arrow";</macro>
  <macro name="Self PField" interrupt="True" loop="False">@autotargettilerelative! 'self' 0 'false';cast "Paralyze Field";</macro>
  <macro name="Self Buff" interrupt="True" loop="False">autotargetself!;cast "Reactive Armor";pause 3000;autotargetself!;cast "Protection";pause 2500;autotargetself!;cast "Bless";pause 2500;</macro>
  <macro name="Montaria" interrupt="True" loop="False">if mounted;useobject! 'self';msg 'all kill';pause 100;if @findobject 'last';msg 'all kill';autotargetenemy!;endif;else;if not @findobject 'montaria';sysmsg 'Selecione a montaria';promptalias 'montaria';endif;msg 'all come';useobject! 'montaria';endif;</macro>
  <macro name="Fishing" interrupt="True" loop="True">//---------------------------------------------------;// Macro de Fishing;// Funcoes: Pesca em 20 spots, corta, guarda tudo e navega em quadrado;// Para GShard;// ------------------------------------------;// 1- Estar em cima do bau de seu barco.;// 2- Ter uma vara de pescar e uma lamina na backpack.;// 3- Comecar com o barco apontado para South (S).;// -----------------------------------------------------------;//;// CONFIGURAÇÕES FIXAS;//;if not listexists 'axisx';createlist 'axisx';endif;@clearlist 'axisx';pushlist 'axisx' 4;pushlist 'axisx' 3;pushlist 'axisx' -4;pushlist 'axisx' -3;if not listexists 'axisy';createlist 'axisy';endif;@clearlist 'axisy';pushlist 'axisy' 0;pushlist 'axisy' 1;pushlist 'axisy' 2;pushlist 'axisy' 3;pushlist 'axisy' 4;//;// TARGETS;//;if not @findobject 'vara';headmsg 'Selecione a vara de pesca';promptalias 'vara';endif;if not @findobject 'faca';headmsg 'Selecione a lamina';promptalias 'faca';endif;if not @findobject 'containerdobarco';headmsg 'Selecione o container do barco';promptalias 'containerdobarco';endif;useobject 'containerdobarco';pause 150;@moveitem 'vara' 'backpack';pause 1250;@moveitem 'faca' 'backpack';pause 1250;////////////;// PESCAR //;////////////;msg 'Raise Anchor';for 0 to 8;for 0 to 'axisx';for 0 to 'axisy';@clearjournal;useobject 'vara';waitfortarget 15000;targettileoffset  'axisx[]' 'axisy[]' -3;pause 250;if not @injournal 'Nao ha peixe' and not @injournal 'Tente pescar';if diffweight &lt; 100;break;endif;waitforjournal 'pescou' 15000 'system';@clearjournal;while not @injournal 'Voce pescou' 'system';useobject 'vara';waitfortarget 15000;targettileoffset  'axisx[]' 'axisy[]' -3;pause 250;if not @injournal 'Nao ha peixe' and not @injournal 'Tente pescar';@clearjournal;waitforjournal 'pescou' 15000;else;break;endif;endwhile;endif;endfor;endfor;msg 'Forward';pause 6000;msg 'Stop';pause 1000;endfor;//;// CORTAR;//;while @findtype '0x9cd' '0' 'backpack';useobject 'faca';useobject 'faca';waitfortarget 15000;targettype '0x9cd' // peixe marrom;pause 1000;endwhile;while @findtype '0x9cf' '0' 'backpack';useobject 'faca';useobject 'faca';waitfortarget 15000;targettype '0x9cf' // peixe amarelo;pause 1000;endwhile;while @findtype '0x9cc' '0' 'backpack';useobject 'faca';useobject 'faca';waitfortarget 15000;targettype '0x9cc' // peixe verde;pause 1000;endwhile;while @findtype '0x9ce' '0' 'backpack';useobject 'faca';useobject 'faca';waitfortarget 15000;targettype '0x9ce' // peixe roxo;pause 1000;endwhile;//;// GUARDAR;//;while @findtype '0x14eb' '0' 'backpack' // Tattered Treasure Map;moveitem! 'found' 'containerdobarco';pause 1000;endwhile;while @findtype '0x99f' '0' 'backpack' // SoS in Bottle;moveitem! 'found' 'containerdobarco';pause 1000;endwhile;while @findtype '0x97a' '0' 'backpack' // raw fish steaks;moveitem! 'found' 'containerdobarco';pause 1000;endwhile;while @findtype '0x9cc' '76' 'backpack' // Truly Rare Fish;moveitem! 'found' 'containerdobarco';pause 1000;endwhile;while @findtype '0x9cc' '51' 'backpack' // Prized Fish;moveitem! 'found' 'containerdobarco';pause 1000;endwhile;while @findtype '0x9cc' '51' 'backpack' // Prized Fish;moveitem! 'found' 'containerdobarco';pause 1000;endwhile;while @findtype '0x9cc' '86' 'backpack' /// Wondrous Fish;moveitem! 'found' 'containerdobarco';pause 1000;endwhile;msg 'Right';pause 10000;msg 'Stop;pause 1000;////////////;//PESCAR 2//;////////////;for 0 to 8;for 0 to 'axisx';for 0 to 'axisy';@clearjournal;useobject 'vara';waitfortarget 15000;targettileoffset  'axisx[]' 'axisy[]' -3;pause 250;if not @injournal 'Nao ha peixe' and not @injournal 'Tente pescar';if diffweight &lt; 100;break;endif;waitforjournal 'pescou' 15000 'system';@clearjournal;while not @injournal 'Voce pescou' 'system';useobject 'vara';waitfortarget 15000;targettileoffset  'axisx[]' 'axisy[]' -3;pause 250;if not @injournal 'Nao ha peixe' and not @injournal 'Tente pescar';@clearjournal;waitforjournal 'pescou' 15000;else;break;endif;endwhile;endif;endfor;endfor;msg 'Back';pause 6000;msg 'Stop';pause 1000;endfor;//;// CORTAR;//;while @findtype '0x9cd' '0' 'backpack';useobject 'faca';useobject 'faca';waitfortarget 15000;targettype '0x9cd' // peixe marrom;pause 1000;endwhile;while @findtype '0x9cf' '0' 'backpack';useobject 'faca';useobject 'faca';waitfortarget 15000;targettype '0x9cf' // peixe amarelo;pause 1000;endwhile;while @findtype '0x9cc' '0' 'backpack';useobject 'faca';useobject 'faca';waitfortarget 15000;targettype '0x9cc' // peixe verde;pause 1000;endwhile;while @findtype '0x9ce' '0' 'backpack';useobject 'faca';useobject 'faca';waitfortarget 15000;targettype '0x9ce' // peixe roxo;pause 1000;endwhile;//;// GUARDAR;//;while @findtype '0x14eb' '0' 'backpack' // Tattered Treasure Map;moveitem! 'found' 'containerdobarco';pause 1000;endwhile;while @findtype '0x99f' '0' 'backpack' // SoS in Bottle;moveitem! 'found' 'containerdobarco';pause 1000;endwhile;while @findtype '0x97a' '0' 'backpack' // raw fish steaks;moveitem! 'found' 'containerdobarco';pause 1000;endwhile;while @findtype '0x9cc' '76' 'backpack' // Truly Rare Fish;moveitem! 'found' 'containerdobarco';pause 1000;endwhile;while @findtype '0x9cc' '51' 'backpack' // Prized Fish;moveitem! 'found' 'containerdobarco';pause 1000;endwhile;while @findtype '0x9cc' '51' 'backpack' // Prized Fish;moveitem! 'found' 'containerdobarco';pause 1000;endwhile;while @findtype '0x9cc' '86' 'backpack' /// Wondrous Fish;moveitem! 'found' 'containerdobarco';pause 1000;endwhile;msg 'Left';pause 10000;msg 'Stop;pause 1000;/////////;// FIM //;/////////;// by Tork;// 27.05.2020;</macro>
  <macro name="Recall Runa" interrupt="True" loop="False">autotargettype! 0x1f14 'any' 'backpack';cast "Recall";</macro>
  <macro name="AbrirFechar Porta" interrupt="True" loop="False">////;// Abrir e fechar portas;////;if @findtype 0x675 'any' 'ground' 'any' 3 or @findtype 0x676 'any' 'ground' 'any' 3;@useobject! 'found';elseif @findtype 0x67d 'any' 'ground' 'any' 3 or @findtype 0x67f 'any' 'ground' 'any' 3;@useobject! 'found';elseif @findtype 0x67e 'any' 'ground' 'any' 3 or @findtype 0x680 'any' 'ground' 'any' 3;@useobject! 'found';elseif @findtype 0x677 'any' 'ground' 'any' 3 or @findtype 0x678 'any' 'ground' 'any' 3;@useobject! 'found';elseif @findtype 0x679 'any' 'ground' 'any' 3 or @findtype 0x68a 'any' 'ground' 'any' 3;@useobject! 'found';elseif @findtype 0x68b 'any' 'ground' 'any' 3 or @findtype 0x68c 'any' 'ground' 'any' 3;@useobject! 'found';elseif @findtype 0x68d 'any' 'ground' 'any' 3 or @findtype 0x68e 'any' 'ground' 'any' 3;@useobject! 'found';elseif @findtype 0x68f 'any' 'ground' 'any' 3 or @findtype 0x690 'any' 'ground' 'any' 3;@useobject! 'found';elseif @findtype 0x691 'any' 'ground' 'any' 3 or @findtype 0x692 'any' 'ground' 'any' 3;@useobject! 'found';elseif @findtype 0x693 'any' 'ground' 'any' 3 or @findtype 0x694 'any' 'ground' 'any' 3;@useobject! 'found';elseif @findtype 0x695 'any' 'ground' 'any' 3 or @findtype 0x696 'any' 'ground' 'any' 3;@useobject! 'found';elseif @findtype 0x697 'any' 'ground' 'any' 3 or @findtype 0x698 'any' 'ground' 'any' 3;@useobject! 'found';elseif @findtype 0x699 'any' 'ground' 'any' 3 or @findtype 0x69a 'any' 'ground' 'any' 3;@useobject! 'found';elseif @findtype 0x69b 'any' 'ground' 'any' 3 or @findtype 0x69c 'any' 'ground' 'any' 3;@useobject! 'found';elseif @findtype 0x69d 'any' 'ground' 'any' 3 or @findtype 0x69f 'any' 'ground' 'any' 3;@useobject! 'found';elseif @findtype 0x6a0 'any' 'ground' 'any' 3 or @findtype 0x6a1 'any' 'ground' 'any' 3;@useobject! 'found';elseif @findtype 0x6a2 'any' 'ground' 'any' 3 or @findtype 0x6a3 'any' 'ground' 'any' 3;@useobject! 'found';elseif @findtype 0x6a4 'any' 'ground' 'any' 3 or @findtype 0x6a5 'any' 'ground' 'any' 3;@useobject! 'found';elseif @findtype 0x6a6  'any' 'ground' 'any' 3 or @findtype 0x6a7 'any' 'ground' 'any' 3;@useobject! 'found';elseif @findtype 0x6a8 'any' 'ground' 'any' 3 or @findtype 0x6a9 'any' 'ground' 'any' 3;@useobject! 'found';elseif @findtype 0x6aa 'any' 'ground' 'any' 3 or @findtype 0x6ab 'any' 'ground' 'any' 3;@useobject! 'found';elseif @findtype 0x6ac 'any' 'ground' 'any' 3 or @findtype 0x6ad 'any' 'ground' 'any' 3;@useobject! 'found';elseif @findtype 0x6ae 'any' 'ground' 'any' 3 or @findtype 0x6af 'any' 'ground' 'any' 3;@useobject! 'found';elseif @findtype 0x6b0  'any' 'ground' 'any' 3 or @findtype 0x6b1  'any' 'ground' 'any' 3;@useobject! 'found';elseif @findtype 0x6b2  'any' 'ground' 'any' 3 or @findtype 0x6b3  'any' 'ground' 'any' 3;@useobject! 'found';elseif @findtype 0x6b4  'any' 'ground' 'any' 3 or @findtype 0x6b5  'any' 'ground' 'any' 3;@useobject! 'found';elseif @findtype 0x6b6  'any' 'ground' 'any' 3 or @findtype 0x6b7  'any' 'ground' 'any' 3;@useobject! 'found';elseif @findtype 0x6b8  'any' 'ground' 'any' 3 or @findtype 0x6b9  'any' 'ground' 'any' 3;@useobject! 'found';elseif @findtype 0x6ba  'any' 'ground' 'any' 3 or @findtype 0x6bb  'any' 'ground' 'any' 3;@useobject! 'found';elseif @findtype 0x6bc  'any' 'ground' 'any' 3 or @findtype 0x6bd  'any' 'ground' 'any' 3;@useobject! 'found';elseif @findtype 0x6be  'any' 'ground' 'any' 3 or @findtype 0x6bf  'any' 'ground' 'any' 3;@useobject! 'found';elseif @findtype 0x6c0  'any' 'ground' 'any' 3 or @findtype 0x6c1  'any' 'ground' 'any' 3;@useobject! 'found';elseif @findtype 0x6c2  'any' 'ground' 'any' 3 or @findtype 0x6c3  'any' 'ground' 'any' 3;@useobject! 'found';elseif @findtype 0x6c4  'any' 'ground' 'any' 3 or @findtype 0x6c5  'any' 'ground' 'any' 3;@useobject! 'found';elseif @findtype 0x6c6  'any' 'ground' 'any' 3 or @findtype 0x6c7  'any' 'ground' 'any' 3;@useobject! 'found';elseif @findtype 0x6c8  'any' 'ground' 'any' 3 or @findtype 0x6c9  'any' 'ground' 'any' 3;@useobject! 'found';elseif @findtype 0x6ca  'any' 'ground' 'any' 3 or @findtype 0x6cb  'any' 'ground' 'any' 3;@useobject! 'found';elseif @findtype 0x6cc  'any' 'ground' 'any' 3 or @findtype 0x6cd  'any' 'ground' 'any' 3;@useobject! 'found';elseif @findtype 0x6ce  'any' 'ground' 'any' 3 or @findtype 0x6cf  'any' 'ground' 'any' 3;@useobject! 'found';elseif @findtype 0x6d0  'any' 'ground' 'any' 3 or @findtype 0x6d1  'any' 'ground' 'any' 3;@useobject! 'found';elseif @findtype 0x6d2  'any' 'ground' 'any' 3 or @findtype 0x6d3  'any' 'ground' 'any' 3;@useobject! 'found';elseif @findtype 0x6d4  'any' 'ground' 'any' 3 or @findtype 0x6d5  'any' 'ground' 'any' 3;@useobject! 'found';elseif @findtype 0x6d6  'any' 'ground' 'any' 3 or @findtype 0x6d7  'any' 'ground' 'any' 3;@useobject! 'found';elseif @findtype 0x6d8  'any' 'ground' 'any' 3 or @findtype 0x6d9  'any' 'ground' 'any' 3;@useobject! 'found';elseif @findtype 0x6da  'any' 'ground' 'any' 3 or @findtype 0x6db  'any' 'ground' 'any' 3;@useobject! 'found';elseif @findtype 0x6dc  'any' 'ground' 'any' 3 or @findtype 0x6dd  'any' 'ground' 'any' 3;@useobject! 'found';elseif @findtype 0x6de  'any' 'ground' 'any' 3 or @findtype 0x6df  'any' 'ground' 'any' 3;@useobject! 'found';elseif @findtype 0x6e0 'any' 'ground' 'any' 3 or @findtype 0x6e1   'any' 'ground' 'any' 3;@useobject! 'found';elseif @findtype 0x6e2 'any' 'ground' 'any' 3 or @findtype 0x6e3 'any' 'ground' 'any' 3;@useobject! 'found';elseif @findtype 0x6e4  'any' 'ground' 'any' 3 or @findtype 0x6e5  'any' 'ground' 'any' 3;@useobject! 'found';elseif @findtype 0x6e6  'any' 'ground' 'any' 3 or @findtype 0x6e7  'any' 'ground' 'any' 3;@useobject! 'found';elseif @findtype 0x6e8  'any' 'ground' 'any' 3 or @findtype 0x6e9  'any' 'ground' 'any' 3;@useobject! 'found';elseif @findtype 0x6ea  'any' 'ground' 'any' 3 or @findtype 0x6eb  'any' 'ground' 'any' 3;@useobject! 'found';elseif @findtype 0x6ec  'any' 'ground' 'any' 3 or @findtype 0x6ed  'any' 'ground' 'any' 3;@useobject! 'found';elseif @findtype 0x6ef  'any' 'ground' 'any' 3 or @findtype 0x6f0  'any' 'ground' 'any' 3;@useobject! 'found';elseif @findtype 0x6f1 'any' 'ground' 'any' 3 or @findtype 0x6f2  'any' 'ground' 'any' 3;@useobject! 'found';elseif @findtype 0x6f3 'any' 'ground' 'any' 3 or @findtype 0x6f4  'any' 'ground' 'any' 3;@useobject! 'found';elseif @findtype 0x6f5 'any' 'ground' 'any' 3 or @findtype 0x6f6  'any' 'ground' 'any' 3;@useobject! 'found';endif;</macro>
  <macro name="Cortar Corpo" interrupt="True" loop="False">// Macro cortar corpo e abrir bones;//;if not @findobject 'Arma' 'any' 'self' 1;headmsg 'Selecione sua arma.';promptalias 'Arma';endif;if @findtype 0x2006 'any' 'ground' 'any' 3;@useobject! 'Arma';waitingfortarget;@target 'found';headmsg '*Corpo cortado*';else;endif;if @findtype 0xeca 'any' 'ground' 'any' 3 or @findtype 0xecb 'any' 'ground' 'any' 3;useobject 'found';elseif @findtype 0xecc 'any' 'ground' 'any' 3 or @findtype 0xecd 'any' 'ground' 'any' 3;useobject 'found';elseif @findtype 0xece 'any' 'ground' 'any' 3 or @findtype 0xecf 'any' 'ground' 'any' 3;useobject 'found';elseif @findtype 0xed0 'any' 'ground' 'any' 3 or @findtype 0xed1 'any' 'ground' 'any' 3;useobject 'found';elseif @findtype 0xed2 'any' 'ground' 'any' 3;useobject 'found';endif;</macro>
  <macro name="Recall Hid" interrupt="True" loop="False">////;// Macro PvP: Recall com Hiding/Stealth;// Na runa ou Runebook (configurar para o seu);////;@clearjournal;cast "Recall";waitfortarget 4000;@targettype! 0x1f14 'any';pause 250;if @injournal 'ainda nao esta' or not @findtype 0x1f14 'any' 'backpack';// Alterar UID e runa!!!;msg '.recall 040077d7c,4';// Alterar UID e runa!!!;@canceltarget;endif;if @listexists 'RecallHid';@clearlist 'RecallHid';else;@createlist 'RecallHid';endif;useskill 'Hiding';if @findlayer 'self' 6;@moveitem 'found' 'backpack;pause 750;pushlist 'RecallHid' 'found';endif;if @findlayer 'self' 13;@moveitem 'found' 'backpack;pushlist 'RecallHid' 'found';pause 250;endif;pause 2250;headmsg '*Ficando Hidding*';pause 1250;if hidden 'self';@clearjournal;headmsg '*Usando Stealth*';useskill 'Stealth';pause 500;for 0 to 'RecallHid';useobject 'RecallHid[]';pause 500;endfor;removelist 'RecallHid';waitforjournal 'se mover em silencio' 6000 'system';headmsg '*Modo Stealth*';else;for 0 to 'RecallHid';useobject 'RecallHid[]';pause 500;endfor;removelist 'RecallHid';stop;endif;</macro>
  <macro name="MA Explosion" interrupt="True" loop="False">if @findtype 0xf0e 21 'backpack';autotargettype!  0xf0e 21 'backpack';cast 'Magic Arrow';else;headmsg 'Sem pocao de explosion.' 55;endif;</macro>
  <macro name="Last PField" interrupt="True" loop="False">@autotargettilerelative! 'enemy' 0 'false';cast "Paralyze Field";</macro>
 </macros>
 <autoloot>
  <enabled>False</enabled>
  <container>0xffffffff</container>
  <guards>False</guards>
 </autoloot>
 <spellgrid>
  <grid y="906" name="Ataque" locked="True" enabled="True" x="346"/>
  <grid y="839" name="Buffs" locked="True" enabled="True" x="346"/>
  <grid y="983" name="Fields" locked="True" enabled="True" x="346"/>
  <grid y="1059" name="Outros" locked="True" enabled="True" x="346"/>
 </spellgrid>
 <organizer>
  <group name="Mapa barco" target="0x4005f8b1" stack="False" complete="True" source="0x400b04aa" loop="False">
   <item graphic="0x14eb" amount="0x0"/>
  </group>
  <group name="SoS barco" target="0x4005f8b2" stack="False" complete="True" source="0x400b04aa" loop="False">
   <item graphic="0x99f" amount="0x0"/>
  </group>
 </organizer>
 <vendors>
  <buystate list="" enabled="False"/>
  <sellstate list="Pedras Preciosas" enabled="True"/>
  <shoppinglist name="Bolts" limit="999" complete="True" type="Buy">
   <item graphic="0x1bfb" amount="300"/>
  </shoppinglist>
  <shoppinglist name="Blank Map" limit="999" complete="False" type="Buy">
   <item graphic="0x14eb" amount="20"/>
  </shoppinglist>
  <shoppinglist name="Pedras Preciosas" limit="20" complete="False" type="Sell">
   <item graphic="0xf18" amount="999"/>
   <item graphic="0xf13" amount="999"/>
   <item graphic="0xf26" amount="999"/>
   <item graphic="0xf0f" amount="999"/>
   <item graphic="0xf11" amount="999"/>
   <item graphic="0xf15" amount="999"/>
  </shoppinglist>
  <shoppinglist name="Posta Peixe" limit="999" complete="False" type="Sell">
   <item graphic="0x97a" amount="999"/>
  </shoppinglist>
  <shoppinglist name="Mapa" limit="999" complete="False" type="Sell">
   <item graphic="0x14eb" amount="50"/>
  </shoppinglist>
 </vendors>
 <counters>
  <counter image="True" name="Flamestrike" format="fs" graphic="0x1f5f" color="0x0" enabled="True"/>
  <counter image="True" name="empty bottle" format="mana" graphic="0xf0e" color="0x480" enabled="True"/>
  <counter image="True" name="clean bandage" format="bandage" graphic="0xe21" color="0x0" enabled="True"/>
  <counter image="True" name="crossbow bolt" format="bolt" graphic="0x1bfb" color="0x0" enabled="True"/>
  <counter image="True" name="empty bottle-2" format="heal" graphic="0xf0e" color="0xff" enabled="True"/>
  <counter image="True" name="empty bottle-3" format="invis" graphic="0xf0e" color="0x1f7" enabled="True"/>
  <counter image="True" name="empty bottle-4" format="refresh" graphic="0xf0e" color="0x21" enabled="True"/>
  <counter image="True" name="empty bottle-5" format="cure" graphic="0xf0e" color="0x2c" enabled="True"/>
  <counter image="True" name="empty bottle-6" format="explosion" graphic="0xf0e" color="0x15" enabled="True"/>
  <counter image="True" name="arrow" format="arrow" graphic="0xf3f" color="0x0" enabled="True"/>
  <counter image="True" name="empty bottle-7" format="shrink" graphic="0xf0e" color="0x7fd" enabled="True"/>
  <counter image="True" name="grape bunch" format="uva" graphic="0x9d1" color="0x482" enabled="True"/>
  <counter image="True" name="empty bottle-8" format="strength" graphic="0xf0e" color="0x38a" enabled="True"/>
  <counter image="True" name="fish steak" format="peixe" graphic="0x97b" color="0x0" enabled="True"/>
 </counters>
</profile>
