<!DOCTYPE profile>
<profile>
 <data name="CommandPrefix">0x0</data>
 <data name="UseObjectsQueue">False</data>
 <data name="ShowCorpseNames">True</data>
 <data name="ShowCreatureNames">False</data>
 <data name="OpenCorpses">True</data>
 <data name="OpenCorpsesRange">0x2</data>
 <data name="ShowMobileHits">True</data>
 <data name="PositionInTitle">False</data>
 <data name="ForceResolution">True</data>
 <data name="GameWindowWidth">0x44c</data>
 <data name="GameWindowHeight">0x2ee</data>
 <data name="FilterLight">True</data>
 <data name="FilterMusic">False</data>
 <data name="FilterBardsMusic">False</data>
 <data name="FilterSound">False</data>
 <data name="FilterWeather">False</data>
 <data name="FilterSeason">False</data>
 <data name="FixedSeason">0x0</data>
 <data name="FilterDeath">False</data>
 <data name="FilterRepeatedMessages">False</data>
 <data name="FilterOthersSpeechColor">False</data>
 <data name="FilterSnoopingMessages">False</data>
 <data name="FilterTradeWindow">False</data>
 <data name="FilterRewardGump">False</data>
 <data name="HandsBeforePotions">False</data>
 <data name="HandsBeforeCasting">False</data>
 <data name="SmartTarget">0x2</data>
 <data name="SmartTargetRange">False</data>
 <data name="SmartTargetRangeValue">0xc</data>
 <data name="HighlightCurrentTarget">True</data>
 <data name="BlockInvalidHeal">False</data>
 <data name="ActionDelay">0x0</data>
 <data name="UseObjectsLimit">0x1</data>
 <data name="TargetShare">0x1</data>
 <data name="MountSerial">0x302702</data>
 <data name="BladeSerial">0xffffffff</data>
 <data name="BoneCutter">False</data>
 <data name="AutoMount">False</data>
 <data name="AutoBandage">False</data>
 <data name="AutoBandageTarget">0x0</data>
 <data name="AutoBandageScale">True</data>
 <data name="AutoBandageCount">True</data>
 <data name="AutoBandageStart">True</data>
 <data name="AutoBandageStartValue">0x64</data>
 <data name="AutoBandageDelay">0x1d4c</data>
 <data name="AutoBandageFormula">False</data>
 <data name="AutoBandageHidden">True</data>
 <data name="OpenDoors">False</data>
 <data name="UseDoors">False</data>
 <data name="SpellsColor">True</data>
 <data name="SpellsMode">0x0</data>
 <data name="SpellsTargetShare">0x0</data>
 <data name="OpenDoorsMode">0x0</data>
 <data name="OpenCorpsesMode">0x3</data>
 <data name="ShowMobileFlags">False</data>
 <data name="StateHighlightMode">0x0</data>
 <data name="StaticFields">False</data>
 <data name="CountStealthSteps">False</data>
 <data name="FriendsListOnly">False</data>
 <data name="FriendsParty">True</data>
 <data name="MoveConflictingItems">False</data>
 <data name="CustomCaption">True</data>
 <data name="CustomCaptionMode">0x1</data>
 <data name="CustomCaptionText">$name  $statusbar -  %bandage %fs  %mana %heal %invis %refresh %shrink %explosion  _/*\_ %uva  %strength %arrow %bolt  %peixe</data>
 <data name="WarnCounters">True</data>
 <data name="WarnCountersValue">0xa</data>
 <data name="HighlightReagents">True</data>
 <data name="DisplayCountersName">False</data>
 <data name="CaptionUseNotoHue">True</data>
 <data name="CaptionUseNotoHue">True</data>
 <data name="DisplayCountersImage">True</data>
 <data name="FilterKarmaMessages">False</data>
 <data name="FilterFameMessages">False</data>
 <data name="PreventDismount">False</data>
 <data name="PreventAttackFriends">False</data>
 <data name="AutoSearchContainers">False</data>
 <data name="AutoAcceptParty">False</data>
 <data name="StaticFieldsMode">0x0</data>
 <counters>
  <counter image="True" name="Flamestrike" graphic="0x1f5f" color="0x0" format="fs" enabled="True"/>
  <counter image="True" name="empty bottle" graphic="0xf0e" color="0x480" format="mana" enabled="True"/>
  <counter image="True" name="clean bandage" graphic="0xe21" color="0x0" format="bandage" enabled="True"/>
  <counter image="True" name="crossbow bolt" graphic="0x1bfb" color="0x0" format="bolt" enabled="True"/>
  <counter image="True" name="empty bottle-2" graphic="0xf0e" color="0xff" format="heal" enabled="True"/>
  <counter image="True" name="empty bottle-3" graphic="0xf0e" color="0x1f7" format="invis" enabled="True"/>
  <counter image="True" name="empty bottle-4" graphic="0xf0e" color="0x21" format="refresh" enabled="True"/>
  <counter image="True" name="empty bottle-5" graphic="0xf0e" color="0x2c" format="cure" enabled="True"/>
  <counter image="True" name="empty bottle-6" graphic="0xf0e" color="0x15" format="explosion" enabled="True"/>
  <counter image="True" name="arrow" graphic="0xf3f" color="0x0" format="arrow" enabled="True"/>
  <counter image="True" name="empty bottle-7" graphic="0xf0e" color="0x7fd" format="shrink" enabled="True"/>
  <counter image="True" name="grape bunch" graphic="0x9d1" color="0x482" format="uva" enabled="True"/>
  <counter image="True" name="empty bottle-8" graphic="0xf0e" color="0x38a" format="strength" enabled="True"/>
  <counter image="True" name="fish steak" graphic="0x97b" color="0x0" format="peixe" enabled="True"/>
 </counters>
 <scavenger enabled="False"/>
 <autosearchexemptions/>
 <objects>
  <obj name="arma">0x4014ec34</obj>
  <obj name="bankitens">0x402449c7</obj>
  <obj name="bankminerios">0x402449c8</obj>
  <obj name="baumineriosmelt">0x402449c8</obj>
  <obj name="bow">0x40358c42</obj>
  <obj name="found">0x402335d7</obj>
  <obj name="runebookmining">0x4031e1d3</obj>
  <obj name="tti">0x40142526</obj>
 </objects>
 <hotkeys>
  <hotkey param="Recall" key="0x101" action="macro.play" pass="False"/>
  <hotkey param="Bank" key="0x214" action="macro.play" pass="False"/>
  <hotkey param="Combate" key="0xde" action="macro.play" pass="False"/>
  <hotkey param="Combate Bow" key="0x2de" action="macro.play" pass="False"/>
  <hotkey param="Desequipar" key="0x2e" action="macro.play" pass="False"/>
  <hotkey param="FlameStrike Last" key="0x74" action="macro.play" pass="False"/>
  <hotkey param="Last MagicArrow" key="0x73" action="macro.play" pass="False"/>
  <hotkey param="Last Lighting" key="0x77" action="macro.play" pass="False"/>
  <hotkey param="Last Paralize" key="0x76" action="macro.play" pass="False"/>
  <hotkey param="Potion Mana" key="0x103" action="macro.play" pass="False"/>
  <hotkey param="Potion Heal" key="0x104" action="macro.play" pass="False"/>
  <hotkey param="Self MReflect" key="0x7a" action="macro.play" pass="False"/>
  <hotkey param="Potion Invis" key="0x404" action="macro.play" pass="False"/>
  <hotkey param="Potion Refresh" key="0x804" action="macro.play" pass="False"/>
  <hotkey param="Potion Cure" key="0x504" action="macro.play" pass="False"/>
  <hotkey param="Last Poison" key="0x75" action="macro.play" pass="False"/>
  <hotkey param="Self Cure" key="0x78" action="macro.play" pass="False"/>
  <hotkey param="Self GHeal" key="0x79" action="macro.play" pass="False"/>
  <hotkey param="Self Bandage" key="0x102" action="macro.play" pass="False"/>
  <hotkey param="Mount Bandage" key="0x502" action="macro.play" pass="False"/>
  <hotkey param="UvaStr" key="0x4de" action="macro.play" pass="False"/>
  <hotkey param="Last Clumsy" key="0x473" action="macro.play" pass="False"/>
  <hotkey param="Self Arrow" key="0x7b" action="macro.play" pass="False"/>
  <hotkey param="Last Bolas" key="0x204" action="macro.play" pass="False"/>
  <hotkey param="Combat Check" key="0x8de" action="macro.play" pass="False"/>
  <hotkey param="Self PField" key="0x431" action="macro.play" pass="False"/>
  <hotkey param="Montaria" key="0x4" action="macro.play" pass="False"/>
  <hotkey param="Recall Runa" key="0x301" action="macro.play" pass="False"/>
  <hotkey key="0x14" action="actions.grabitem" pass="False"/>
  <hotkey key="0xc41" action="actions.shownames.all" pass="False"/>
  <hotkey key="0xc0" action="targeting.set.last" pass="False"/>
  <hotkey key="0x443" action="targeting.attack.last" pass="False"/>
  <hotkey key="0x71" action="actions.use.lastobject" pass="False"/>
  <hotkey key="0x85a" action="targeting.get.enemy.nearest.murderer.humanoid" pass="False"/>
  <hotkey key="0xe52" action="main.resync" pass="False"/>
  <hotkey key="0x446" action="targeting.friends.add" pass="False"/>
  <hotkey key="0x25a" action="targeting.get.enemy.next.criminal.humanoid" pass="False"/>
  <hotkey key="0x458" action="targeting.get.enemy.next.murderer.humanoid" pass="False"/>
  <hotkey key="0x45a" action="targeting.get.enemy.nearest.any" pass="False"/>
 </hotkeys>
 <macros>
  <macro loop="False" name="Recall" interrupt="True">msg '.recall 040077d7c,4';</macro>
  <macro loop="False" name="Bank" interrupt="True">if @findobject 0x4007732a;useobject 0x4007732a;waitforgump 0x444 15000;replygump 0x444 6;else;msg 'Banker Bank Guards';endif;</macro>
  <macro loop="False" name="Combate" interrupt="True">//Closed Helmet;if @findtype 0x1408 'any' 'backpack';@useobject 'found';endif;//Platemail Helmet;if @findtype 0x1412 'any' 'backpack';useobject 'found';endif;//Heater Shield;if @findtype 0x1b76 'any' 'backpack';useobject 'found';endif;//Arma;if @findobject 'Arma' 'any' 'backpack';@useobject! 'found';waitingfortarget;@target 'self';stop;endif;if @findlayer 'self' 1 or @findlayer 'self' 2;canceltarget;stop;endif;if not @findobject 'Arma' 'any' 'backpack';promptalias 'Arma';endif;</macro>
  <macro loop="False" name="Combate Bow" interrupt="True">if @findobject 'Bow' 'any' 'backpack';@useobject 'found';stop;endif;if @findlayer 'self' 1 or @findlayer 'self' 2;stop;endif;if not @findobject 'Bow' 'any' 'backpack';promptalias 'Bow';endif;</macro>
  <macro loop="False" name="Desequipar" interrupt="True">msg '.disarm';//Tall Straw;if @findtype 0x1716 'any' 'backpack';@useobject 'found';stop;endif;// Bear Mask;if @findtype 0x1546 'any' 'backpack' or @findtype 0x1545 'any' 'backpack' 0;@useobject 'found';stop;endif;// Deer Mask;if @findtype 0x1547 'any' 'backpack' or @findtype 0x1548 'any' 'backpack';@useobject 'found';stop;endif;// Orc Mask;if @findtype 0x141B 'any' 'backpack' or @findtype 0x141C 'any' 'backpack';@useobject 'found';stop;endif;// Tribal Mask P;if @findtype 0x1549 'any' 'backpack' or @findtype 0x154A 'any' 'backpack';@useobject 'found';stop;endif;// Tribal Mask G;if @findtype 0x154B 'any' 'backpack' or @findtype 0x154C 'any' 'backpack';@useobject 'found';stop;endif;</macro>
  <macro loop="False" name="teste" interrupt="True">if targetground 0xccd 'any' 2;headmsg 'debug';elseif targetground 0xCD0 'any' 2;headmsg 'debug';elseif targetground 0xCD3 'any' 2;headmsg 'debug';elseif @targetground 0xCD6 'any' 2;headmsg 'debug';elseif @targetground 0xCD8 'any' 2;headmsg 'debug';elseif @targetground 0xCDa 'any' 2;headmsg 'debug';elseif @targetground 0xCDd 'any' 2;headmsg 'debug';elseif @targetground 0xCe0 'any' 2;headmsg 'debug';elseif @targetground 0xCe3 'any' 2;headmsg 'debug';elseif @targetground 0xCD6 'any' 2;headmsg 'debug';endif;</macro>
  <macro loop="False" name="FlameStrike Last" interrupt="True">if @findtype 0x1f5f 'backpack';autotargetlast;useobject! 'found';else;headmsg 'Sem scroll FS.' 55;autotargetlast;cast 'Flame Strike';endif;</macro>
  <macro loop="False" name="Last MagicArrow" interrupt="True">cast "Magic Arrow"  waitingfortarget 2000;@target 'last' 200;</macro>
  <macro loop="False" name="Last Lighting" interrupt="True">cast "Lightning";waitingfortarget 2000;@target 'last' 200;</macro>
  <macro loop="False" name="Last Paralize" interrupt="True">cast 'Paralyze'   waitingfortarget 2000;@target 'last' 200;</macro>
  <macro loop="False" name="Potion Mana" interrupt="True">if @findtype 0xf0e 1152 'backpack';msg '.drinkmana';stop;else;headmsg 'Sem Mana Potion' 50 'self';endif;</macro>
  <macro loop="False" name="Potion Heal" interrupt="True">if @findtype 0xf0e 255 'backpack';msg '.drinkheal';stop;else;headmsg 'Sem Heal Potion' 50 'self';endif;</macro>
  <macro loop="False" name="Self MReflect" interrupt="True">autotargetself!;cast "Magic Reflection";</macro>
  <macro loop="False" name="Potion Invis" interrupt="True">// Beber Invis Pot;if @findtype 0xf0e 503 'backpack';msg '.drinkinvisibility';else;headmsg 'Sem Invis Potion' 50 'self';endif;</macro>
  <macro loop="False" name="Potion Refresh" interrupt="True">// Beber Refresh Pot;if @findtype 0x9cc 66 'backpack';useobject! 'found';stop;endif;if @findtype 0xf0e 33 'backpack';msg '.drinkrefresh';else;headmsg 'Sem Refresh Potion' 50 'self';endif;</macro>
  <macro loop="False" name="Potion Cure" interrupt="True">// Beber Cure Pot;if @findtype 0xf0e 44 'backpack';msg '.drinkcure';else;headmsg 'Sem Cure Potion' 50 'self';endif;</macro>
  <macro loop="False" name="Last Poison" interrupt="True">cast 'Poison'   waitingfortarget 2000;@target 'last' 200;</macro>
  <macro loop="False" name="Self Cure" interrupt="True">autotargetself!;cast "cure";</macro>
  <macro loop="False" name="Self GHeal" interrupt="True">autotargetself!;cast "Greater Heal";</macro>
  <macro loop="False" name="Self Bandage" interrupt="True">// Self Bandage;if @findtype 0xe21 'any' 'backpack' 0;autotargetself!;useobject! 'found';else;headmsg 'Sem Bandage na Backpack' 50 'self';endif;</macro>
  <macro loop="False" name="Mount Bandage" interrupt="True">bandage 'mount';</macro>
  <macro loop="False" name="UvaStr" interrupt="True">// Comer uva;if @findtype 0x9d1 1154 'backpack';useobject 'found';else;headmsg 'Sem Grape of Wrath' 50 'self';endif;pause 100;// Tomar Strength;if @findtype 0xf0e 906 'backpack';useobject 'found';else;headmsg '¨Sem Potion de Strength' 50 'self';endif;</macro>
  <macro loop="False" name="Last Clumsy" interrupt="True">cast "Clumsy";waitingfortarget 2000;@target 'last' 200;</macro>
  <macro loop="False" name="Self Arrow" interrupt="True">autotargetself!;cast "Magic Arrow";</macro>
  <macro loop="False" name="Last Bolas" interrupt="True">// Lançar Bolas em Last;if @findtype 0x26ac 'any' 'backpack';useobject 'self;useobject 'found';waitingfortarget 2000;target 'last' 200;pause 1000;else;headmsg 'Sem Bolas' 50 'self';endif;useobject 'mount';</macro>
  <macro loop="False" name="Combat Check" interrupt="True">clearjournal;@findlayer 'self' 2;clickobject 'found';pause 200;if @injournal 'Damage: 12 - 14' or @injournal 'Damage: 11';moveitemoffset 'found' 'ground' 0;headmsg 'Descartado' 55 'found';promptalias 'Arma';headmsg 'Nova arma' 55 'self';endif;</macro>
  <macro loop="False" name="Self PField" interrupt="True">@cancelautotarget;@autotargettilerelative! 'self' 0 'false';cast "Paralyze Field";</macro>
  <macro loop="True" name="Mining" interrupt="True">//---------------------------------------------------;// Macro de Mining;// Funcoes: Recall para banco, Smeltar, Guardar, Comer, Ressucitar e Minerar.;// Para GShard 2020;// ------------------------------------------;// 1- Ter DOIS bau no banco. Um para guardar MINERIOS;// e outro para pegar PICKAXE, MARTELO e comer LEG OF LAMB(opcional).;//;// 2- Ter um runebook com a 1ª runa para o BANCO ao lado da FORGE e a 2ª runa para a MINA.;// * Ter magia recall no spellbook.;// -----------------------------------------------------------;//;// CONFIGURACOES;//;if not listexists 'Pos_X';createlist 'Pos_X';endif;@clearlist 'Pos_X';pushlist! 'Pos_X' -1;pushlist! 'Pos_X' 0;pushlist! 'Pos_X' 1;if not listexists 'Pos_Y';createlist 'Pos_Y';endif;@clearlist 'Pos_Y';pushlist! 'Pos_Y' -1;pushlist! 'Pos_Y' 0;pushlist! 'Pos_Y' 1;if not listexists 'Directions';createlist 'Directions';endif;@clearlist 'Directions';pushlist! 'Directions' 'Southeast';pushlist! 'Directions' 'North';pushlist! 'Directions' 'Northwest';pushlist! 'Directions' 'East';pushlist! 'Directions' 'South';pushlist! 'Directions' 'Southwest';pushlist! 'Directions' 'West';pushlist! 'Directions' 'Northeast';if not listexists 'RunXY';createlist 'RunXY';endif;@clearlist 'RunXY';pushlist! 'RunXY' 'East';pushlist! 'RunXY' 'South';pushlist! 'RunXY' 'Southeast';pushlist! 'RunXY' 'North';pushlist! 'RunXY' 'Northwest';pushlist! 'RunXY' 'Southwest';pushlist! 'RunXY' 'West';pushlist! 'RunXY' 'Northeast';if not @findobject 'runebookmining';headmsg 'Selecione o seu runebook. PRIMEIRA runa MINA e SEGUNDA runa BANCO cidade safe.';promptalias 'runebookmining';endif;if not @findalias 'bankitens';msg 'banker bank';headmsg 'Selecione o bau para RESTOCK de Pickaxes e Smith Hammer.' '33';promptalias 'bankitens';endif;if not @findalias 'bankminerios';msg 'banker bank';headmsg 'Selecione o bau onde GUARDAR minerios' '33';promptalias 'bankminerios';endif;if dead 'self';//;// Ress + Bank Minoc;//;helpbutton;waitforgump 0x44b 15000;replygump 0x44b 1;waitforgump 0x44b 15000;replygump 0x44b 20;waitforgump 0x41a 25000;replygump 0x41a 1;pause 7500;while not x == 5342 and y == 1212;headmsg 'Nao esta na Help Room' 33;pause 2000;stop;endwhile;while stam &lt; 2;headmsg '*Esperando Stamina recuperar*';pause 4000;endwhile;turn "North";while not y == 1202;walk "North";pause 150;endwhile;walk "North";pause 1000;while not y == 1174;walk "North";pause 150;endwhile;Turn "West";while not x == 5484;walk "West";pause 150;endwhile;walk "West";pause 1000;while not inregion 'town' 'self';headmsg 'Caminho interditado' 33;headmsg 'Entre no Gate de Minoc.' 171;pause 8000;endwhile;walk "West, West, West";pause 2000;resync;pause 3000;warmode 'off';endif;//;// Peso limite;//;if diffweight &lt; 100 or not @findtype 0xe85 'any' 'self';while not inregion 'town' 'self';useobject 'runebookmining';waitforgump 0x474 15000;replygump 0x474 1;waitforgump 0x474 15000;replygump 0x474 101;pause 11500;endwhile;endif;//;// Restock;//;if inregion 'town' 'self';msg 'banker bank';pause 500;useobject 'bankitens';pause 250;while @counttype '0xe85' 'any' 'self'&lt; 1;if @counttype '0xe85' 'any' 'bankitens' > 0;useobject 'bankitens';pause 500;@movetype '0xe85' 'bankitens' 'backpack' 0 0 0 'any';pause 1000;headmsg 'Restock de Pickaxe';endwhile;else;headmsg '*Sem Pickaxe*';stop;endif;if @findtype 0x160a 'any' 'bankitens';useobject 'found';else;headmsg '*Sem Leg of Lamb*;endif;endif;//;// Smeltar;//;if inregion 'town' 'self';if not @findtype 0x13e3 'any' 'self' 'any' 0;useobject 'bankitens';pause 500;@movetype 0x13e3 'bankitens' 'backpack' 0 0 0 'any';pause 1000;endif;usetype 0x13e3;waitforgump 0x485 10000;replygump 0x485 0;while @usetype 0x19ba;pause 1000;endwhile;while @usetype 0x19b7;pause 1000;endwhile;while @usetype 0x19b8;pause 1000;endwhile;while @usetype 0x19b9;pause 1000;endwhile;@movetypeoffset 0x13e3 'backpack' 'bankitens' 0 0 0 'any' 1 0;pause 1000;if @injournal 'You can not pick that up' 'system';Sysmsg 'Recalculando';break;endif;endif;//;// Guardar;//;if inregion 'town' 'self';Resync;pause 1000;headmsg 'Guardando minerios';msg 'banker bank';pause 1000;@clearjournal;while @movetype 0x1bf2 'backpack' 'bankminerios' 0 0 0 'any';pause 1000;if @injournal 'You can not pick that up' 'system';Sysmsg 'Recalculando';break;endif;endwhile;while @movetype 0x19b9 'backpack' 'bankminerios' 0 0 0 'any';pause 1000;if @injournal 'You can not pick that up' 'system';Sysmsg 'Recalculando';break;endif;endwhile;while @movetype 0xf13 'backpack' 'bankminerios' 0 0 0 'any';pause 1000;if @injournal 'You can not pick that up' 'system';Sysmsg 'Recalculando';break;endif;endwhile;while @movetype 0xf16 'backpack' 'bankminerios' 0 0 0 'any';pause 1000;if @injournal 'You can not pick that up' 'system';Sysmsg 'Recalculando';break;endif;endwhile;while @movetype 0xf11 'backpack' 'bankminerios' 0 0 0 'any';pause 1000;if @injournal 'You can not pick that up' 'system';Sysmsg 'Recalculando';break;endif;endwhile;while @movetype 0xf26 'backpack' 'bankminerios' 0 0 0 'any';pause 1000;if @injournal 'You can not pick that up' 'system';Sysmsg 'Recalculando';break;endif;endwhile;while @movetype 0xf18 'backpack' 'bankminerios' 0 0 0 'any';pause 1000;if @injournal 'You can not pick that up' 'system';Sysmsg 'Recalculando';break;endif;endwhile;while @movetype 0xf0f 'backpack' 'bankminerios' 0 0 0 'any';pause 1000;if @injournal 'You can not pick that up' 'system';Sysmsg 'Recalculando';break;endif;endwhile;while @movetype 0xf10 'backpack' 'bankminerios' 0 0 0 'any';pause 1000;if @injournal 'You can not pick that up' 'system';Sysmsg 'Recalculando';break;endif;endwhile;while @movetype 0xf15 'backpack' 'bankminerios' 0 0 0 'any';pause 1000;if @injournal 'You can not pick that up' 'system';Sysmsg 'Recalculando';break;endif;endwhile;while @movetype 0x19b7 'backpack' 'bankminerios' 0 0 0 'any';pause 1000;if @injournal 'You can not pick that up' 'system';Sysmsg 'Recalculando';break;endif;endwhile;while @movetype 0x19b8 'backpack' 'bankminerios' 0 0 0 'any';pause 1000;if  @injournal 'You can not pick that up' 'system';Sysmsg 'Recalculando';break;endif;endwhile;while @movetype 0x19ba 'backpack' 'bankminerios' 0 0 0 'any';pause 1000;if @injournal 'You can not pick that up' 'system';Sysmsg 'Recalculando';break;endif;endwhile;while @movetype 0x19b7 'backpack' 'bankminerios' 0 0 0 'any';pause 1000;if @injournal 'You can not pick that up' 'system';Sysmsg 'Recalculando';break;endif;endwhile;while @movetype 0x19bef 'backpack' 'bankminerios' 0 0 0 'any';pause 1000;if @injournal 'You can not pick that up' 'system';Sysmsg 'Recalculando';break;endif;endwhile;endif;//;// Minerar;//;while mana &lt; 40;useskill 'meditation';pause 3150;endwhile;if inregion 'town' 'self';@clearjournal;pause 500;useobject 'runebookmining';waitforgump 0x474 15000;replygump 0x474 2;waitforgump 0x474 15000;replygump 0x474 102;usetype! 0xe85 'any' 'backpack';if @injournal 'blocked' 'system';pause 10000;@clearjournal;replay;endif;pause 11500;endif;for 0 to 2;for 0 to 'RunXY';for 0 to 'Directions';for 0 to 'Pos_X';for 0 to 'Pos_Y';//;// Minerar em si;//;@cancelautotarget;@unsetalias 'quit';while not @findalias 'quit';if dead 'self';replay;endif;autotargettileoffset! 'Pos_X[]' 'Pos_Y[]' 0;if not @useobject! 'righthand';usetype! 0xe85 'any' 'backpack';endif;clearjournal;@settimer 't_timeout' 0;while @timer 't_timeout' &lt; 15000;//;//  Jornal;//;if @injournal 'Voce pos' 'system';break;elseif @injournal 'Voce nao encontrou' 'system' or @injournal 'Nao ha nada aqui' 'system';@setalias 'quit' 'self';break;elseif @injournal 'Voce nao tem uma' 'system' or @injournal 'You cannot mine' 'system';@setalias 'quit' 'self';break;endif;endwhile;@clearjournal;if diffweight &lt; 100;replay;endif;if not @findtype '0xe85' 'any' 'self';replay;endif;endwhile;endfor;endfor;for 4;walk 'Directions[]';endfor;endfor;for 8;walk 'RunXY[]';endfor;endfor;// by tork;</macro>
  <macro loop="True" name="Taming" interrupt="True">if not @findobject 'tamingtreino';headmsg 'Selecione o animal.';promptalias 'tamingtreino';else;endif;clearjournal;msg 'Rabbit Release';useskill 'Animal Taming';waitfortarget 2000;target! 'tamingtreino';while not @injournal 'nao conseguiu';if @injournal 'aceitou voce';replay;endif;endwhile;</macro>
  <macro loop="True" name="medit" interrupt="True">clearjournal;useskill 'meditation';while not mana == maxmana;if @injournal 'Voce perdeu sua' 'system';replay;endif;endwhile;pause 2000;if mana == maxmana;cast 'Magic Arrow' 'self';pause 1750;if hits &lt;= 85;if @findtype 0xe21 'any' 'backpack' 0;autotargetself!;useobject 'found';while not @injournal 'voce curou';if @injournal 'seus dedos escorregam';replay;endif;endwhile;else;headmsg 'Sem Bandage na Backpack' 50 'self';stop;endif;endif;endif;</macro>
  <macro loop="False" name="Self Buff" interrupt="True">cast "Reactive Armor";waitfortarget 15000;target! 'self';cast "Protection";waitfortarget 15000;target! 'self';cast "Bless";waitfortarget 15000;target! 'self';</macro>
  <macro loop="True" name="tes" interrupt="True">////;// Macro de Lumberjacking para GShard;////;// Ter um baú no bank para guardar as madeiras;// Ter algum machado consigo;// Ter um runebook com a PRIMEIRA runa para o BANCO safe e a SEGUNDA runa para a FLORESTA.;////;//;// CONFIGURACOES;//;@clearjournal;if not @findobject 'machado';headmsg 'Selecione o machado.';promptalias 'machado';endif;if not @findobject 'runebooklumber';headmsg 'Selecione o seu runebook. PRIMEIRA runa BANCO e SEGUNDA runa para a FLORESTA.';promptalias 'runebooklumber';endif;if not @findalias 'banklogs';msg 'banker bank';headmsg 'Selecione o bau onde GUARDAR as madeiras' '33';promptalias 'banklogs';endif;if not listexists 'Pos_X';createlist 'Pos_X';endif;@clearlist 'Pos_X';//pushlist! 'Pos_X' -2;pushlist! 'Pos_X' -1;pushlist! 'Pos_X' 0;pushlist! 'Pos_X' 1;//pushlist! 'Pos_X' 2;if not listexists 'Pos_Y';createlist 'Pos_Y';endif;@clearlist 'Pos_Y';//pushlist! 'Pos_Y' -2;pushlist! 'Pos_Y' -1;pushlist! 'Pos_Y' 0;pushlist! 'Pos_Y' 1;//pushlist! 'Pos_Y' 2;if not listexists 'Directions';createlist 'Directions';endif;@clearlist 'Directions';pushlist! 'Directions' 'Southeast';pushlist! 'Directions' 'North';pushlist! 'Directions' 'Northwest';pushlist! 'Directions' 'East';pushlist! 'Directions' 'South';pushlist! 'Directions' 'Southwest';pushlist! 'Directions' 'West';pushlist! 'Directions' 'Northeast';if not listexists 'RunXY';createlist 'RunXY';endif;@clearlist 'RunXY';pushlist! 'RunXY' 'East';pushlist! 'RunXY' 'South';pushlist! 'RunXY' 'Southeast';pushlist! 'RunXY' 'North';pushlist! 'RunXY' 'Northwest';pushlist! 'RunXY' 'Southwest';pushlist! 'RunXY' 'West';pushlist! 'RunXY' 'Northeast';//;// Peso limite;//;if diffweight &lt; 100 or counttype 0x1bdd 'any' 'backpack' >= 200;useobject 'runebooklumber';waitforgump 0x474 15000;replygump 0x474 1;waitforgump 0x474 15000;replygump 0x474 101;pause 11500;//;// Guardar;//;if inregion 'town' 'self';Resync;pause 1000;headmsg 'Guardando madeiras';msg 'banker bank';pause 1000;while @movetype 0x1bdd 'backpack' 'banklogs' 0 0 0 'any';pause 1000;endwhile;///;// Lumberjacking;///;useobject 'runebooklumber';waitforgump 0x474 15000;replygump 0x474 2;waitforgump 0x474 15000;replygump 0x474 102;if @injournal 'blocked' 'system';pause 10000;@clearjournal;replay;endif;pause 11500;endif;endif;useobject 'machado';for 0 to 4;for 0 to 'RunXY';for 0 to 'Directions';for 0 to 'Pos_X';for 0 to 'Pos_Y';@unsetalias 'quit';while not @findalias 'quit';if not @useobject! 'righthand';useobject 'machado';endif;waitfortarget 15000;targettileoffset! 'Pos_X[]' 'Pos_Y[]' 0;clearjournal;@settimer 't_timeout' 0;while @timer 't_timeout' &lt; 15000;//;//  Jornal;//;if @injournal 'Voce pos' 'system' or @injournal 'Voce nao conseguiu retirar' 'system';break;elseif @injournal 'imune ao seu ataque' 'system' or @injournal 'nao ha madeiras' 'system';@setalias 'quit' 'self';break;elseif @injournal 'deve ser um objeto' 'system' or @injournal 'reach this' 'system';@setalias 'quit' 'self';break;elseif @injournal 'esta muito longe' 'system' or @injournal 'tente pegar madeira em outro' 'system';@setalias 'quit' 'self';break;endif;endwhile;@clearjournal;if diffweight &lt; 100 or counttype 0x1bdd 'any' 'backpack' >= 200;replay;endif;if dead 'self';stop;endif;endwhile;endfor;endfor;for 4;run 'Directions[]';endfor;endfor;for 4;run 'RunXY[]';endfor;endfor;// by tork;</macro>
  <macro loop="False" name="Montaria" interrupt="True">if mounted;useobject! 'self';pause 100;msg  'all kill';if @findobject 'last';msg 'all kill';autotargetenemy!;endif;else;if not @findobject 'montaria';sysmsg 'Selecione a montaria';promptalias 'montaria';endif;msg 'all come';useobject! 'montaria';endif;</macro>
  <macro loop="False" name="Treino BS" interrupt="True">// Macro de BS com restock, basta deixar iron em um bau e Ter Smith Hammer na bag!;if not @findobject 'Bau3';headmsg 'Selecione o bau com os itens.';promptalias 'Bau3';useobject 'Bau3';else;useobject 'Bau3';endif;// Se tiver menos que 10 Irons;if @counttype 0x1bef 0x0 'backpack' &lt;= 100;headmsg 'Restockando Iron';movetype 0x1bef 'Bau3' 'Backpack' (0 0 0) 0 100 4;pause 1000;endif;// Se tiver mais que 150 dagger;if @counttype 0xf51 0 'backpack' >= 100;useobject 'Bau3';headmsg 'Guardando Shape Iron';@movetypeoffset 0x1bd7 'backpack' 'Bau3' (0 0 0);endif;// Fazer 1 Shape;if skill 'blacksmithy' &lt; 100.1;for 20;@usetype '0x13e3';waitfortarget 200;target! 'self';usetype! '0x1bef';@automenu '' 'shaped';pause '2800';endfor;else;headmsg 'Utilize Power Scrolls!';stop;endif;</macro>
  <macro loop="True" name="MiningTORK" interrupt="True">waitforgump;</macro>
  <macro loop="False" name="Recall Runa" interrupt="True">autotargettype! 0x1f14 'any' 'backpack';cast "Recall";</macro>
  <macro loop="False" name="MageryMedit" interrupt="True">useskill 'Meditation';</macro>
  <macro loop="False" name="CortaCorpo" interrupt="True">useobject 'righthand';waitfortarget 15000;if @targettype 0x2006 'any' 3;headmsg '*Corpo cortado*';else;canceltarget;@usetype 0xecf 'any' 'any' 3;endif;</macro>
  <macro loop="True" name="MacroTracking" interrupt="True">useskill 'Tracking';@automenu '' 'Tracking' '' 'Monstro';pause 7150;</macro>
  <macro loop="False" name="MA Explosion" interrupt="True">if @findtype 0xf0e 21 'backpack';cast 'Magic Arrow';waitingfortarget 2000;@target 'found' 200;else;headmsg 'Sem pocao de explosion.' 55;endif;</macro>
  <macro loop="False" name="Gate Runa" interrupt="True">@cancelautotarget;autotargettype! 0x1f14 'any' 'backpack';cast "Gate Travel";</macro>
  <macro loop="False" name="HidingStealth" interrupt="True">@clearjournal;useskill 'Hiding';waitforjournal 'voce ficou invisivel' 15000;useskill 'Stealth';</macro>
  <macro loop="True" name="MiningInvis" interrupt="True">//---------------------------------------------------;// Macro de Mining;// Funcoes: Recall para banco, Smeltar, Guardar, Comer, Ressucitar e Minerar.;// Para GShard 2020;// ------------------------------------------;// 1- Ter DOIS bau no banco. Um para guardar MINERIOS;// e outro para pegar PICKAXE, MARTELO e comer FISH STEAK(opcional).;//;// 2- Ter um runebook com a 1ª runa para o BANCO ao lado da FORGE e a 2ª runa para a MINA.;// * Ter magia recall no spellbook.;// -----------------------------------------------------------;//;// CONFIGURACOES;//;if not listexists 'Pos_X';createlist 'Pos_X';endif;@clearlist 'Pos_X';pushlist! 'Pos_X' -1;pushlist! 'Pos_X' 0;pushlist! 'Pos_X' 1;if not listexists 'Pos_Y';createlist 'Pos_Y';endif;@clearlist 'Pos_Y';pushlist! 'Pos_Y' -1;pushlist! 'Pos_Y' 0;pushlist! 'Pos_Y' 1;if not listexists 'Directions';createlist 'Directions';endif;@clearlist 'Directions';pushlist! 'Directions' 'Southeast';pushlist! 'Directions' 'North';pushlist! 'Directions' 'Northwest';pushlist! 'Directions' 'East';pushlist! 'Directions' 'South';pushlist! 'Directions' 'Southwest';pushlist! 'Directions' 'West';pushlist! 'Directions' 'Northeast';if not listexists 'RunXY';createlist 'RunXY';endif;@clearlist 'RunXY';pushlist! 'RunXY' 'East';pushlist! 'RunXY' 'South';pushlist! 'RunXY' 'Southeast';pushlist! 'RunXY' 'North';pushlist! 'RunXY' 'Northwest';pushlist! 'RunXY' 'Southwest';pushlist! 'RunXY' 'West';pushlist! 'RunXY' 'Northeast';if not @findobject 'runebookmining';headmsg 'Selecione o seu runebook. PRIMEIRA runa MINA e SEGUNDA runa BANCO cidade safe.';promptalias 'runebookmining';endif;if not @findalias 'bankitens';msg 'banker bank';headmsg 'Selecione o bau para RESTOCK de Pickaxes e Smith Hammer.' '33';promptalias 'bankitens';endif;if not @findalias 'bankminerios';msg 'banker bank';headmsg 'Selecione o bau onde GUARDAR minerios' '33';promptalias 'bankminerios';endif;//;// Peso limite;//;if diffweight &lt; 100 or not @findtype 0xe85 'any' 'self';while not inregion 'town' 'self';useobject 'runebookmining';waitforgump 'any' 10000;//Gump Runebook 1;if @gumpexists 0x472;replygump 0x472 1;waitforgump 0x472 15000;replygump 0x472 101;//Gump Runebook 2;elseif @gumpexists 0x473;replygump 0x473 1;waitforgump 0x473 15000;replygump 0x473 101;endif;pause 11500;endwhile;endif;//;// Restock;//;if inregion 'town' 'self';msg 'banker bank';pause 500;useobject 'bankitens';pause 250;@togglehands 'right';pause 500;while @counttype '0xe85' 'any' 'backpack' &lt; 1;if @counttype '0xe85' 'any' 'bankitens' > 0;useobject 'bankitens';pause 500;@movetype '0xe85' 'bankitens' 'backpack' 0 0 0 'any';pause 1000;headmsg 'Restock de Pickaxe';else;headmsg '*Sem Pickaxe*';stop;endif;endwhile;if @findtype 0x97b 'any' 'bankitens';useobject 'found';else;headmsg '*Sem fish steak*;endif;endif;//;// Smeltar;//;if inregion 'town' 'self';togglehands 'right';pause 500;if not @findtype 0x13e3 'any' 'backpack' 'any' 0;useobject 'bankitens';pause 500;@movetype 0x13e3 'bankitens' 'backpack' 0 0 0 'any';pause 1000;endif;msg 'banker bank';pause 1000;//Gump 1;if @gumpexists 0x483;replygump 0x483 0;//Gump 2;elseif @gumpexists 0x484;replygump 0x484 0;//Gump 3;elseif @gumpexists 0x485;replygump 0x485 0;endif;usetype 0x13e3 'any' 'self' 1;waitforgump 'any' 10000;replygump 'any' 0;@findtype 0x19ba 'any' 'backpack';if @findobject 'found' 2492 'backpack';@moveitem 'found' 'bankminerios';pause 1000;endif;@findtype 0x19ba 'any' 'backpack';if @findobject 'found' 2493'backpack';@moveitem 'found' 'bankminerios';pause 1000;endif;@findtype 0x19ba 'any' 'backpack';if  @findobject 'found' 2489 'backpack';@moveitem 'found' 'bankminerios';pause 1000;endif;@findtype 0x19ba 'any' 'backpack';if @findobject 'found' '2490' 'backpack';@moveitem 'found' 'bankminerios';pause 1000;endif;while @findtype 0x19ba 'any' 'backpack';@useobject 'found';pause 1000;endwhile;@findtype 0x19b7 'any' 'backpack';if @findobject 'found' 2492 'backpack';@moveitem 'found' 'bankminerios';pause 1000;endif;@findtype 0x19b7 'any' 'backpack';if @findobject 'found' 2493'backpack';@moveitem 'found' 'bankminerios';pause 1000;endif;@findtype 0x19b7 'any' 'backpack';if  @findobject 'found' 2489 'backpack';@moveitem 'found' 'bankminerios';pause 1000;endif;@findtype 0x19b7 'any' 'backpack';if @findobject 'found' '2490' 'backpack';@moveitem 'found' 'bankminerios';pause 1000;endif;while @findtype 0x19b7 'any' 'backpack';@useobject 'found';pause 1000;endwhile;@findtype 0x19b8 'any' 'backpack';if @findobject 'found' 2492 'backpack';@moveitem 'found' 'bankminerios';pause 1000;endif;@findtype 0x19b8 'any' 'backpack';if @findobject 'found' 2493'backpack';@moveitem 'found' 'bankminerios';pause 1000;endif;@findtype 0x19b8 'any' 'backpack';if  @findobject 'found' 2489 'backpack';@moveitem 'found' 'bankminerios';pause 1000;endif;@findtype 0x19b8 'any' 'backpack';if @findobject 'found' '2490' 'backpack';@moveitem 'found' 'bankminerios';pause 1000;endif;while @findtype 0x19b8 'any' 'backpack';@useobject 'found';pause 1000;endwhile;@findtype 0x19b9 'any' 'backpack';if @findobject 'found' 2492 'backpack';@moveitem 'found' 'bankminerios';pause 1000;endif;@findtype 0x19b9 'any' 'backpack';if @findobject 'found' 2493'backpack';@moveitem 'found' 'bankminerios';pause 1000;endif;@findtype 0x19b9 'any' 'backpack';if  @findobject 'found' 2489 'backpack';@moveitem 'found' 'bankminerios';pause 1000;endif;@findtype 0x19b9 'any' 'backpack';if @findobject 'found' '2490' 'backpack';@moveitem 'found' 'bankminerios';pause 1000;endif;while @findtype 0x19b9 'any' 'backpack';@useobject 'found';pause 1000;endwhile;togglehands 'right';pause 1000;@movetypeoffset 0x13e3 'backpack' 'bankitens' 0 0 0 'any' 1 0;pause 1000;if @injournal 'You can not pick that up' 'system';Sysmsg 'Recalculando';break;endif;endif;//;// Guardar;//;if inregion 'town' 'self';Resync;pause 1000;headmsg 'Guardando minerios';msg 'banker bank';pause 1000;@clearjournal;while @movetype 0x1bf2 'backpack' 'bankminerios' 0 0 0 'any';pause 1000;endwhile;while @movetype 0x19b9 'backpack' 'bankminerios' 0 0 0 'any';pause 1000;endwhile;while @movetype 0xf13 'backpack' 'bankminerios' 0 0 0 'any';pause 1000;endwhile;while @movetype 0xf16 'backpack' 'bankminerios' 0 0 0 'any';pause 1000;endwhile;while @movetype 0xf11 'backpack' 'bankminerios' 0 0 0 'any';pause 1000;endwhile;while @movetype 0xf26 'backpack' 'bankminerios' 0 0 0 'any';pause 1000;endwhile;while @movetype 0xf18 'backpack' 'bankminerios' 0 0 0 'any';pause 1000;endwhile;while @movetype 0xf0f 'backpack' 'bankminerios' 0 0 0 'any';pause 1000;endwhile;while @movetype 0xf10 'backpack' 'bankminerios' 0 0 0 'any';pause 1000;endwhile;while @movetype 0xf15 'backpack' 'bankminerios' 0 0 0 'any';pause 1000;endwhile;while @movetype 0x19b7 'backpack' 'bankminerios' 0 0 0 'any';pause 1000;endwhile;while @movetype 0x19b8 'backpack' 'bankminerios' 0 0 0 'any';pause 1000;endwhile;while @movetype 0x19ba 'backpack' 'bankminerios' 0 0 0 'any';pause 1000;endwhile;while @movetype 0x19b7 'backpack' 'bankminerios' 0 0 0 'any';pause 1000;endwhile;while @movetype 0x19bef 'backpack' 'bankminerios' 0 0 0 'any';pause 1000;endwhile;endif;//;// Minerar;//;while mana &lt; 40;useskill 'meditation';pause 3150;endwhile;if inregion 'town' 'self';@clearjournal;pause 500;useobject 'runebookmining';waitforgump 'any' 15000;//Gump Runebook 1;if @gumpexists 0x472;replygump 0x472 2;waitforgump 0x472 15000;replygump 0x472 102;//Gump Runebook 2;elseif @gumpexists 0x473;replygump 0x473 2;waitforgump 0x473 15000;replygump 0x473 102;endif;if @injournal 'blocked' 'system';pause 10000;@clearjournal;replay;endif;pause 11500;usetype! 0xe85 'any' 'self' 1;endif;@cancelautotarget;for 0 to 2;for 0 to 'RunXY';for 0 to 'Directions';for 0 to 'Pos_X';for 0 to 'Pos_Y';///;//Checar se ta vivo e se tem PK perto;///;getenemy 'Murderer' 'Criminal' 'humanoid' 'closest';while @inrange 'Enemy' '15';headmsg '*Aguardando PK sair*' 33;warmode 'on';pause 150;warmode 'off';pause 7000;endwhile;if dead 'self';replay;endif;//;if not hidden 'self';while not hidden 'self';useskill 'Hiding';pause 3500;endwhile;pause 750;if hidden 'self';useskill 'Stealth';while not @injournal 'mover em silencio' 'system';endwhile;else;while not hidden 'self';useskill 'Hiding';pause 3500;endwhile;endif;endif;//;// Minerar em si;//;@unsetalias 'quit';while not @findalias 'quit';@cancelautotarget;if dead 'self';replay;endif;autotargettileoffset! 'Pos_X[]' 'Pos_Y[]' 0;if not @useobject! 'righthand';usetype! 0xe85 'any' 'self' 1;endif;clearjournal;@settimer 't_timeout' 0;while @timer 't_timeout' &lt; 15000;///;//Checar se ta vivo e se tem PK perto;///;getenemy 'Murderer' 'Criminal' 'humanoid' 'closest';while @inrange 'Enemy' '15';headmsg '*Aguardando PK sair*' 33;warmode 'on';pause 150;warmode 'off';pause 7000;endwhile;if dead 'self';replay;endif;//;//  Jornal;//;if @injournal 'Voce pos' 'system' or @injournal 'Voce nao encontrou' 'system';break;elseif @injournal 'Nao ha nada aqui' 'system';@setalias 'quit' 'self';break;elseif @injournal 'Voce nao tem uma' 'system' or @injournal 'You cannot mine' 'system';@setalias 'quit' 'self';break;endif;endwhile;@clearjournal;if diffweight &lt; 100;replay;endif;if not @findtype '0xe85' 'any' 'self';replay;endif;endwhile;endfor;endfor;for 4;walk 'Directions[]';endfor;endfor;for 8;walk 'RunXY[]';endfor;endfor;// by tork;</macro>
  <macro loop="False" name="aa" interrupt="True">// Taste Identification;if not @findobject 'TTI';headmsg 'Selecione a comida.';promptalias 'TTI';else;endif;clearjournal;useskill 'Taste Identification';waitingfortarget;@target 'TTI';while not @injournal 'pesa';if @injournal 'nao conseguiu';replay;endif;endwhile;</macro>
  <macro loop="True" name="smelt2em2" interrupt="True">//;// Macro de Smelt 2 em 2 para GShard.;// Ter um baú com os minérios e ingots.;// Estar em frente a um forge.;//;if not @findobject 'baumineriosmelt';headmsg 'Selecione o bau com ores e ingots.';promptalias 'baumineriosmelt';endif;if not @findobject 'hammer';headmsg 'Selecione o Smith Hammer.';promptalias 'hammer';endif;//;// Pegar minerios;//;if @findtype '0x19b9' 'any' 'baumineriosmelt';@moveitem 'found' 'backpack' (0 0 0) 2;pause 1000;endif;//;// Smeltar;//;useobject 'hammer';waitforgump 0x483 10000;replygump 0x483 0;while not @injournal 'voce esmeltou o ore' 'system';if @findtype 0x19ba 'any' 'backpack';useobject 'found';pause 1000;endif;if @findtype 0x19b7 'any' 'backpack';useobject 'found';pause 1000;else;break;endif;endwhile;@clearjournal;//;// Guardar;//;@clearjournal;@movetype 0x1bf2 'backpack' 'baumineriosmelt' 0 0 0 'any';pause 1000;</macro>
 </macros>
 <autoloot>
  <enabled>False</enabled>
  <container>0xffffffff</container>
  <guards>False</guards>
 </autoloot>
 <spellgrid>
  <grid locked="True" name="Ataque" x="346" y="906" enabled="True"/>
  <grid locked="True" name="Buffs" x="346" y="839" enabled="True"/>
  <grid locked="True" name="Fields" x="346" y="983" enabled="True"/>
  <grid locked="True" name="Outros" x="346" y="1059" enabled="True"/>
 </spellgrid>
 <organizer>
  <group loop="False" name="Mapa barco" complete="True" source="0x400b04aa" stack="False" target="0x4005f8b1">
   <item amount="0x0" graphic="0x14eb"/>
  </group>
  <group loop="False" name="SoS barco" complete="True" source="0x400b04aa" stack="False" target="0x4005f8b2">
   <item amount="0x0" graphic="0x99f"/>
  </group>
  <group loop="False" name="Organizer-3" complete="False" source="0x4025dd2a" stack="False" target="0x40012fe7">
   <item amount="0x0" graphic="0x1f14"/>
  </group>
 </organizer>
 <vendors>
  <buystate list="" enabled="False"/>
  <sellstate list="Pedras Preciosas" enabled="True"/>
  <shoppinglist name="Bolts" complete="True" limit="999" type="Buy">
   <item amount="300" graphic="0x1bfb"/>
  </shoppinglist>
  <shoppinglist name="Blank Map" complete="False" limit="999" type="Buy">
   <item amount="20" graphic="0x14eb"/>
  </shoppinglist>
  <shoppinglist name="Pedras Preciosas" complete="False" limit="40" type="Sell">
   <item amount="999" graphic="0xf18"/>
   <item amount="999" graphic="0xf13"/>
   <item amount="999" graphic="0xf26"/>
   <item amount="999" graphic="0xf0f"/>
   <item amount="999" graphic="0xf11"/>
   <item amount="999" graphic="0xf15"/>
  </shoppinglist>
  <shoppinglist name="Posta Peixe" complete="False" limit="999" type="Sell">
   <item amount="999" graphic="0x97a"/>
  </shoppinglist>
  <shoppinglist name="Mapa" complete="False" limit="999" type="Sell">
   <item amount="50" graphic="0x14eb"/>
  </shoppinglist>
 </vendors>
</profile>
