<!DOCTYPE profile>
<profile>
 <data name="CommandPrefix">0x0</data>
 <data name="UseObjectsQueue">False</data>
 <data name="ShowCorpseNames">False</data>
 <data name="ShowCreatureNames">False</data>
 <data name="OpenCorpses">True</data>
 <data name="OpenCorpsesRange">0x2</data>
 <data name="ShowMobileHits">True</data>
 <data name="PositionInTitle">False</data>
 <data name="ForceResolution">True</data>
 <data name="GameWindowWidth">0x44c</data>
 <data name="GameWindowHeight">0x2ee</data>
 <data name="FilterLight">True</data>
 <data name="FilterMusic">True</data>
 <data name="FilterBardsMusic">True</data>
 <data name="FilterSound">False</data>
 <data name="FilterWeather">False</data>
 <data name="FilterSeason">False</data>
 <data name="FixedSeason">0x0</data>
 <data name="FilterDeath">False</data>
 <data name="FilterRepeatedMessages">False</data>
 <data name="FilterOthersSpeechColor">False</data>
 <data name="FilterSnoopingMessages">False</data>
 <data name="FilterTradeWindow">False</data>
 <data name="FilterRewardGump">False</data>
 <data name="HandsBeforePotions">False</data>
 <data name="HandsBeforeCasting">False</data>
 <data name="SmartTarget">0x2</data>
 <data name="SmartTargetRange">False</data>
 <data name="SmartTargetRangeValue">0xc</data>
 <data name="HighlightCurrentTarget">True</data>
 <data name="BlockInvalidHeal">False</data>
 <data name="ActionDelay">0x190</data>
 <data name="UseObjectsLimit">0x1</data>
 <data name="TargetShare">0x1</data>
 <data name="MountSerial">0x302702</data>
 <data name="BladeSerial">0xffffffff</data>
 <data name="BoneCutter">False</data>
 <data name="AutoMount">False</data>
 <data name="AutoBandage">False</data>
 <data name="AutoBandageTarget">0x0</data>
 <data name="AutoBandageScale">True</data>
 <data name="AutoBandageCount">True</data>
 <data name="AutoBandageStart">True</data>
 <data name="AutoBandageStartValue">0x64</data>
 <data name="AutoBandageDelay">0x1d4c</data>
 <data name="AutoBandageFormula">False</data>
 <data name="AutoBandageHidden">True</data>
 <data name="OpenDoors">False</data>
 <data name="UseDoors">False</data>
 <data name="SpellsColor">True</data>
 <data name="SpellsMode">0x0</data>
 <data name="SpellsTargetShare">0x0</data>
 <data name="OpenDoorsMode">0x0</data>
 <data name="OpenCorpsesMode">0x3</data>
 <data name="ShowMobileFlags">False</data>
 <data name="StateHighlightMode">0x0</data>
 <data name="StaticFields">False</data>
 <data name="CountStealthSteps">False</data>
 <data name="FriendsListOnly">False</data>
 <data name="FriendsParty">True</data>
 <data name="MoveConflictingItems">False</data>
 <data name="CustomCaption">True</data>
 <data name="CustomCaptionMode">0x1</data>
 <data name="CustomCaptionText">$name  $statusbar -  %bandage %fs  %mana %heal %invis %refresh %shrink %explosion  _/*\_ %uva  %strength %arrow %bolt  %peixe</data>
 <data name="WarnCounters">True</data>
 <data name="WarnCountersValue">0xa</data>
 <data name="HighlightReagents">True</data>
 <data name="DisplayCountersName">False</data>
 <data name="CaptionUseNotoHue">True</data>
 <data name="CaptionUseNotoHue">True</data>
 <data name="DisplayCountersImage">True</data>
 <data name="FilterKarmaMessages">False</data>
 <data name="FilterFameMessages">False</data>
 <data name="PreventDismount">False</data>
 <data name="PreventAttackFriends">False</data>
 <data name="AutoSearchContainers">False</data>
 <data name="AutoAcceptParty">False</data>
 <data name="StaticFieldsMode">0x0</data>
 <counters>
  <counter name="Flamestrike" enabled="True" image="True" format="fs" graphic="0x1f5f" color="0x0"/>
  <counter name="empty bottle" enabled="True" image="True" format="mana" graphic="0xf0e" color="0x480"/>
  <counter name="clean bandage" enabled="True" image="True" format="bandage" graphic="0xe21" color="0x0"/>
  <counter name="crossbow bolt" enabled="True" image="True" format="bolt" graphic="0x1bfb" color="0x0"/>
  <counter name="empty bottle-2" enabled="True" image="True" format="heal" graphic="0xf0e" color="0xff"/>
  <counter name="empty bottle-3" enabled="True" image="True" format="invis" graphic="0xf0e" color="0x1f7"/>
  <counter name="empty bottle-4" enabled="True" image="True" format="refresh" graphic="0xf0e" color="0x21"/>
  <counter name="empty bottle-5" enabled="True" image="True" format="cure" graphic="0xf0e" color="0x2c"/>
  <counter name="empty bottle-6" enabled="True" image="True" format="explosion" graphic="0xf0e" color="0x15"/>
  <counter name="arrow" enabled="True" image="True" format="arrow" graphic="0xf3f" color="0x0"/>
  <counter name="empty bottle-7" enabled="True" image="True" format="shrink" graphic="0xf0e" color="0x7fd"/>
  <counter name="grape bunch" enabled="True" image="True" format="uva" graphic="0x9d1" color="0x482"/>
  <counter name="empty bottle-8" enabled="True" image="True" format="strength" graphic="0xf0e" color="0x38a"/>
  <counter name="fish steak" enabled="True" image="True" format="peixe" graphic="0x97b" color="0x0"/>
 </counters>
 <scavenger enabled="False">
  <scavenge enabled="True" graphic="0xeed" color="0x0"/>
 </scavenger>
 <autosearchexemptions/>
 <objects/>
 <hotkeys>
  <hotkey param="Recall" key="0x101" action="macro.play" pass="False"/>
  <hotkey param="Bank" key="0x214" action="macro.play" pass="False"/>
  <hotkey param="Combate" key="0xde" action="macro.play" pass="False"/>
  <hotkey param="Combate Bow" key="0xba" action="macro.play" pass="False"/>
  <hotkey param="Desequipar" key="0x2e" action="macro.play" pass="False"/>
  <hotkey param="Last MagicArrow" key="0x73" action="macro.play" pass="False"/>
  <hotkey param="Last Lighting" key="0x77" action="macro.play" pass="False"/>
  <hotkey param="Last Paralize" key="0x76" action="macro.play" pass="False"/>
  <hotkey param="Potion Mana" key="0x103" action="macro.play" pass="False"/>
  <hotkey param="Potion Heal" key="0x104" action="macro.play" pass="False"/>
  <hotkey param="Self MReflect" key="0x7a" action="macro.play" pass="False"/>
  <hotkey param="Potion Invis" key="0x404" action="macro.play" pass="False"/>
  <hotkey param="Potion Refresh" key="0x804" action="macro.play" pass="False"/>
  <hotkey param="Potion Cure" key="0x204" action="macro.play" pass="False"/>
  <hotkey param="Last Poison" key="0x75" action="macro.play" pass="False"/>
  <hotkey param="Self Cure" key="0x78" action="macro.play" pass="False"/>
  <hotkey param="Self GHeal" key="0x79" action="macro.play" pass="False"/>
  <hotkey param="Self Bandage" key="0x102" action="macro.play" pass="False"/>
  <hotkey param="Mount Bandage" key="0x502" action="macro.play" pass="False"/>
  <hotkey param="UvaStr" key="0x4de" action="macro.play" pass="False"/>
  <hotkey param="Last Clumsy" key="0x473" action="macro.play" pass="False"/>
  <hotkey param="Self Arrow" key="0x7b" action="macro.play" pass="False"/>
  <hotkey param="Self PField" key="0x431" action="macro.play" pass="False"/>
  <hotkey param="Montaria" key="0x4" action="macro.play" pass="False"/>
  <hotkey param="AbrirFechar Porta" key="0x858" action="macro.play" pass="False"/>
  <hotkey param="Recall Hid" key="0x301" action="macro.play" pass="False"/>
  <hotkey param="Stealth" key="0x270" action="macro.play" pass="False"/>
  <hotkey param="Self Poison Field" key="0x432" action="macro.play" pass="False"/>
  <hotkey param="Self Mass Dispel" key="0x433" action="macro.play" pass="False"/>
  <hotkey param="Pfield" key="0x831" action="macro.play" pass="False"/>
  <hotkey param="Ppoison" key="0x832" action="macro.play" pass="False"/>
  <hotkey param="Pfire" key="0x833" action="macro.play" pass="False"/>
  <hotkey param="Self Arrow Explosion" key="0x4c0" action="macro.play" pass="False"/>
  <hotkey param="Last Flamestrike" key="0x74" action="macro.play" pass="False"/>
  <hotkey key="0x14" action="actions.grabitem" pass="False"/>
  <hotkey key="0xc41" action="actions.shownames.all" pass="False"/>
  <hotkey key="0x85a" action="targeting.get.enemy.nearest.murderer.humanoid" pass="False"/>
  <hotkey key="0xe52" action="main.resync" pass="False"/>
  <hotkey key="0x446" action="targeting.friends.add" pass="False"/>
  <hotkey key="0x25a" action="targeting.get.enemy.next.criminal.humanoid" pass="False"/>
  <hotkey key="0x458" action="targeting.get.enemy.next.murderer.humanoid" pass="False"/>
  <hotkey key="0x45a" action="targeting.get.enemy.nearest.any" pass="False"/>
  <hotkey key="0xc0" action="targeting.set.enemy" pass="False"/>
  <hotkey key="0x443" action="combat.attack.enemy" pass="False"/>
  <hotkey key="0xc48" action="hotkeys" pass="False"/>
  <hotkey key="0x8c0" action="targeting.set.friend" pass="False"/>
 </hotkeys>
 <macros>
  <macro loop="False" interrupt="True" name="Recall">// Alterar UID e runa!!!;msg '.recall 040077d7c,12';// Usar comando .mostraruid;</macro>
  <macro loop="False" interrupt="True" name="Bank">if @findobject 0x4007732a;useobject 0x4007732a;waitforgump 0x444 15000;replygump 0x444 6;else;msg 'Banker Bank Guards';endif;</macro>
  <macro loop="False" interrupt="True" name="Combate">//Closed Helmet;if @findtype 0x1408 'any' 'backpack';@useobject 'found';endif;//Platemail Helmet;if @findtype 0x1412 'any' 'backpack';useobject 'found';endif;//Heater Shield;if @findtype 0x1b76 'any' 'backpack';useobject 'found';endif;//Chaos Shield;if @findtype 0x1bc3 'any' 'backpack';useobject 'found';endif;//Arma;if @findobject 'Arma' 'any' 'backpack';@useobject! 'found';waitingfortarget;@target 'self';endif;if @findlayer 'self' 1 or @findlayer 'self' 2;canceltarget;endif;if not @findobject 'Arma' 'any' 'self';promptalias 'Arma';endif;pause 500;attack 'enemy';</macro>
  <macro loop="False" interrupt="True" name="Combate Bow">if @findobject 'Bow' 'any' 'backpack';@useobject 'found';endif;if @findlayer 'self' 1 or @findlayer 'self' 2;endif;if not @findobject 'Bow' 'any' 'self';promptalias 'Bow';endif;attack 'enemy';</macro>
  <macro loop="False" interrupt="True" name="Desequipar">msg '.disarm';//Tall Straw;if @findtype 0x1716 'any' 'backpack';@useobject 'found';stop;endif;// Bear Mask;if @findtype 0x1546 'any' 'backpack' or @findtype 0x1545 'any' 'backpack' 0;@useobject 'found';stop;endif;// Orc Mask;if @findtype 0x141B 'any' 'backpack' or @findtype 0x141C 'any' 'backpack';@useobject 'found';stop;endif;// Deer Mask;if @findtype 0x1547 'any' 'backpack' or @findtype 0x1548 'any' 'backpack';@useobject 'found';stop;endif;// Tribal Mask P;if @findtype 0x1549 'any' 'backpack' or @findtype 0x154A 'any' 'backpack';@useobject 'found';stop;endif;// Tribal Mask G;if @findtype 0x154B 'any' 'backpack' or @findtype 0x154C 'any' 'backpack';@useobject 'found';stop;endif;</macro>
  <macro loop="False" interrupt="True" name="Last MagicArrow">autotargetenemy!;cast "Magic Arrow";</macro>
  <macro loop="False" interrupt="True" name="Last Lighting">autotargetenemy!;cast "Lightning";</macro>
  <macro loop="False" interrupt="True" name="Last Paralize">autotargetenemy!;cast 'Paralyze';</macro>
  <macro loop="False" interrupt="True" name="Potion Mana">if @findtype 0xf0e 1152 'backpack';msg '.drinkmana';stop;else;headmsg 'Sem Mana Potion' 50 'self';endif;</macro>
  <macro loop="False" interrupt="True" name="Potion Heal">if @findtype 0xf0e 255 'backpack';msg '.drinkheal';stop;else;headmsg 'Sem Heal Potion' 50 'self';endif;</macro>
  <macro loop="False" interrupt="True" name="Self MReflect">autotargetself!;cast "Magic Reflection";</macro>
  <macro loop="False" interrupt="True" name="Potion Invis">// Beber Invis Pot;if @findtype 0xf0e 503 'backpack';msg '.drinkinvisibility';else;headmsg 'Sem Invis Potion' 50 'self';endif;</macro>
  <macro loop="False" interrupt="True" name="Potion Refresh">// Beber Refresh Pot;if @findtype 0xf0e 33 'backpack';msg '.drinkrefresh';else;headmsg 'Sem Refresh Potion' 50 'self';endif;</macro>
  <macro loop="False" interrupt="True" name="Potion Cure">// Beber Cure Pot;if @findtype 0xf0e 44 'backpack';msg '.drinkcure';else;headmsg 'Sem Cure Potion' 50 'self';endif;</macro>
  <macro loop="False" interrupt="True" name="Last Poison">autotargetenemy!;cast 'Poison';</macro>
  <macro loop="False" interrupt="True" name="Self Cure">autotargetself!;cast "cure";</macro>
  <macro loop="False" interrupt="True" name="Self GHeal">autotargetself!;cast "Greater Heal";</macro>
  <macro loop="False" interrupt="True" name="Self Bandage">// Self Bandage;if @findtype 0xe21 'any' 'backpack' 0;autotargetself!;useobject! 'found';else;headmsg 'Sem Bandage na Backpack' 50 'self';endif;</macro>
  <macro loop="False" interrupt="True" name="Mount Bandage">if @findtype 0xe21 'any' 'backpack' 0;autotargetobject! 'montaria';useobject 'found';else;headmsg 'Sem Bandage na Backpack' 50 'self';endif;</macro>
  <macro loop="False" interrupt="True" name="UvaStr">// Comer uva;if @findtype 0x9d1 1154 'backpack';useobject 'found';else;headmsg 'Sem Grape of Wrath' 50 'self';endif;pause 100;// Tomar Strength;if @findtype 0xf0e 906 'backpack';useobject 'found';else;headmsg '¨Sem Potion de Strength' 50 'self';endif;</macro>
  <macro loop="False" interrupt="True" name="Last Clumsy">autotargetenemy!;cast "Clumsy";</macro>
  <macro loop="False" interrupt="True" name="Self Arrow">autotargetself!;cast "Magic Arrow";</macro>
  <macro loop="False" interrupt="True" name="Self PField">@cancelautotarget;@autotargettilerelative! 'self' 0 'false';cast "Paralyze Field";</macro>
  <macro loop="True" interrupt="True" name="Forensic">if not @findobject 'Forensic';headmsg 'Selecione o que analisar.';promptalias 'Forensic';else;endif;clearjournal;autotargetobject 'Forensic';useskill 'Forensic Evaluation';while not @injournal 'foi morto';if @injournal 'nao pode dizer';replay;endif;endwhile;</macro>
  <macro loop="False" interrupt="True" name="Montaria">if mounted;useobject! 'self';msg 'all kill';pause 100;if @findobject 'enemy';msg 'all kill';autotargetenemy;else;msg 'all stay';endif;else;if not @findobject 'montaria';sysmsg 'Selecione a montaria';promptalias 'montaria';endif;msg 'all come';useobject! 'montaria';endif;</macro>
  <macro loop="True" interrupt="True" name="Fishing">//---------------------------------------------------;// Macro de Fishing;// Funcoes: Pesca em 20 spots, corta, guarda tudo e navega em quadrado;// Para GShard;// ------------------------------------------;// 1- Estar em cima do bau de seu barco.;// 2- Ter uma vara de pescar e uma lamina na backpack.;// 3- Comecar com o barco apontado para South (S).;// -----------------------------------------------------------;//;// CONFIGURAÇÕES FIXAS;//;if not listexists 'axisx';createlist 'axisx';endif;@clearlist 'axisx';pushlist 'axisx' 4;pushlist 'axisx' 3;pushlist 'axisx' -4;pushlist 'axisx' -3;if not listexists 'axisy';createlist 'axisy';endif;@clearlist 'axisy';pushlist 'axisy' 0;pushlist 'axisy' 1;pushlist 'axisy' 2;pushlist 'axisy' 3;pushlist 'axisy' 4;//;// TARGETS;//;if not @findobject 'vara';headmsg 'Selecione a vara de pesca';promptalias 'vara';endif;if not @findobject 'faca';headmsg 'Selecione a lamina';promptalias 'faca';endif;if not @findobject 'containerdobarco';headmsg 'Selecione o container do barco';promptalias 'containerdobarco';endif;useobject 'containerdobarco';pause 150;@moveitem 'vara' 'backpack';pause 1250;@moveitem 'faca' 'backpack';pause 1250;////////////;// PESCAR //;////////////;msg 'Raise Anchor';for 0 to 12;for 0 to 'axisx';for 0 to 'axisy';@clearjournal;useobject 'vara';waitfortarget 5000;targettileoffset  'axisx[]' 'axisy[]' -3;pause 250;if not @injournal 'Nao ha peixe' and not @injournal 'Tente pescar';if diffweight &lt; 100;break;endif;waitforjournal 'pescou' 15000 'system';@clearjournal;while not @injournal 'Voce pescou' 'system';useobject 'vara';waitfortarget 5000;targettileoffset  'axisx[]' 'axisy[]' -3;pause 250;if not @injournal 'Nao ha peixe' and not @injournal 'Tente pescar';@clearjournal;waitforjournal 'pescou' 15000;else;break;endif;endwhile;endif;endfor;endfor;msg 'Forward';pause 6000;msg 'Stop';pause 1000;endfor;//;// CORTAR;//;while @findtype '0x9cd' '0' 'backpack';autotargettype '0x9cd' // peixe marrom;useobject 'faca';pause 1000;endwhile;while @findtype '0x9cf' '0' 'backpack';autotargettype '0x9cf' // peixe amarelo;useobject 'faca';pause 1000;endwhile;while @findtype '0x9cc' '0' 'backpack';autotargettype '0x9cc' // peixe verde;useobject 'faca';pause 1000;endwhile;while @findtype '0x9ce' '0' 'backpack';autotargettype '0x9ce' // peixe roxo;useobject 'faca';pause 1000;endwhile;//;// GUARDAR;//;while @findtype '0x14eb' '0' 'backpack' // Tattered Treasure Map;moveitem! 'found' 'containerdobarco';pause 1000;endwhile;while @findtype '0x99f' '0' 'backpack' // SoS in Bottle;moveitem! 'found' 'containerdobarco';pause 1000;endwhile;while @findtype '0x97a' '0' 'backpack' // raw fish steaks;moveitem! 'found' 'containerdobarco';pause 1000;endwhile;while @findtype '0x9cc' '76' 'backpack' // Truly Rare Fish;moveitem! 'found' 'containerdobarco';pause 1000;endwhile;while @findtype '0x9cc' '51' 'backpack' // Prized Fish;moveitem! 'found' 'containerdobarco';pause 1000;endwhile;while @findtype '0x9cc' '51' 'backpack' // Prized Fish;moveitem! 'found' 'containerdobarco';pause 1000;endwhile;while @findtype '0x9cc' '86' 'backpack' /// Wondrous Fish;moveitem! 'found' 'containerdobarco';pause 1000;endwhile;msg 'Right';pause 10000;msg 'Stop;pause 1000;////////////;//PESCAR 2//;////////////;for 0 to 12;for 0 to 'axisx';for 0 to 'axisy';@clearjournal;useobject 'vara';waitfortarget 5000;targettileoffset  'axisx[]' 'axisy[]' -3;pause 250;if not @injournal 'Nao ha peixe' and not @injournal 'Tente pescar';if diffweight &lt; 100;break;endif;waitforjournal 'pescou' 15000 'system';@clearjournal;while not @injournal 'Voce pescou' 'system';useobject 'vara';waitfortarget 5000;targettileoffset  'axisx[]' 'axisy[]' -3;pause 250;if not @injournal 'Nao ha peixe' and not @injournal 'Tente pescar';@clearjournal;waitforjournal 'pescou' 15000;else;break;endif;endwhile;endif;endfor;endfor;msg 'Back';pause 6000;msg 'Stop';pause 1000;endfor;//;// CORTAR;//;while @findtype '0x9cd' '0' 'backpack';autotargettype '0x9cd' // peixe marrom;useobject 'faca';pause 1000;endwhile;while @findtype '0x9cf' '0' 'backpack';autotargettype '0x9cf' // peixe amarelo;useobject 'faca';pause 1000;endwhile;while @findtype '0x9cc' '0' 'backpack';autotargettype '0x9cc' // peixe verde;useobject 'faca';pause 1000;endwhile;while @findtype '0x9ce' '0' 'backpack';autotargettype '0x9ce' // peixe roxo;useobject 'faca';pause 1000;endwhile;//;// GUARDAR;//;while @findtype '0x14eb' '0' 'backpack' // Tattered Treasure Map;moveitem! 'found' 'containerdobarco';pause 1000;endwhile;while @findtype '0x99f' '0' 'backpack' // SoS in Bottle;moveitem! 'found' 'containerdobarco';pause 1000;endwhile;while @findtype '0x97a' '0' 'backpack' // raw fish steaks;moveitem! 'found' 'containerdobarco';pause 1000;endwhile;while @findtype '0x9cc' '76' 'backpack' // Truly Rare Fish;moveitem! 'found' 'containerdobarco';pause 1000;endwhile;while @findtype '0x9cc' '51' 'backpack' // Prized Fish;moveitem! 'found' 'containerdobarco';pause 1000;endwhile;while @findtype '0x9cc' '51' 'backpack' // Prized Fish;moveitem! 'found' 'containerdobarco';pause 1000;endwhile;while @findtype '0x9cc' '86' 'backpack' /// Wondrous Fish;moveitem! 'found' 'containerdobarco';pause 1000;endwhile;while @findtype '0x9cc' '66' 'backpack' /// High Peculiar Fish;moveitem! 'found' 'containerdobarco';pause 1000;endwhile;msg 'Left';pause 10000;msg 'Stop;pause 1000;/////////;// FIM //;/////////;// by Tork;// 16.08.2020;</macro>
  <macro loop="False" interrupt="True" name="Recall Runa">autotargettype! 0x1f14 'any' 'backpack';cast "Recall";</macro>
  <macro loop="False" interrupt="True" name="AbrirFechar Porta">////;// Abrir e fechar portas;////;if @findtype 0x675 'any' 'ground' 'any' 3 or @findtype 0x676 'any' 'ground' 'any' 3;@useobject! 'found';elseif @findtype 0x679 'any' 'ground' 'any' 3 or @findtype 0x68a 'any' 'ground' 'any' 3;@useobject! 'found';elseif @findtype 0x67d 'any' 'ground' 'any' 3 or @findtype 0x67f 'any' 'ground' 'any' 3;@useobject! 'found';elseif @findtype 0x67e 'any' 'ground' 'any' 3 or @findtype 0x680 'any' 'ground' 'any' 3;@useobject! 'found';elseif @findtype 0x677 'any' 'ground' 'any' 3 or @findtype 0x678 'any' 'ground' 'any' 3;@useobject! 'found';elseif @findtype 0x681 'any' 'ground' 'any' 3 or @findtype 0x682 'any' 'ground' 'any' 3;@useobject! 'found';elseif @findtype 0x683 'any' 'ground' 'any' 3 or @findtype 0x684 'any' 'ground' 'any' 3;@useobject! 'found';elseif @findtype 0x68b 'any' 'ground' 'any' 3 or @findtype 0x68c 'any' 'ground' 'any' 3;@useobject! 'found';elseif @findtype 0x68d 'any' 'ground' 'any' 3 or @findtype 0x68e 'any' 'ground' 'any' 3;@useobject! 'found';elseif @findtype 0x68f 'any' 'ground' 'any' 3 or @findtype 0x690 'any' 'ground' 'any' 3;@useobject! 'found';elseif @findtype 0x691 'any' 'ground' 'any' 3 or @findtype 0x692 'any' 'ground' 'any' 3;@useobject! 'found';elseif @findtype 0x693 'any' 'ground' 'any' 3 or @findtype 0x694 'any' 'ground' 'any' 3;@useobject! 'found';elseif @findtype 0x695 'any' 'ground' 'any' 3 or @findtype 0x696 'any' 'ground' 'any' 3;@useobject! 'found';elseif @findtype 0x697 'any' 'ground' 'any' 3 or @findtype 0x698 'any' 'ground' 'any' 3;@useobject! 'found';elseif @findtype 0x699 'any' 'ground' 'any' 3 or @findtype 0x69a 'any' 'ground' 'any' 3;@useobject! 'found';elseif @findtype 0x69b 'any' 'ground' 'any' 3 or @findtype 0x69c 'any' 'ground' 'any' 3;@useobject! 'found';elseif @findtype 0x69d 'any' 'ground' 'any' 3 or @findtype 0x69f 'any' 'ground' 'any' 3;@useobject! 'found';elseif @findtype 0x6a0 'any' 'ground' 'any' 3 or @findtype 0x6a1 'any' 'ground' 'any' 3;@useobject! 'found';elseif @findtype 0x6a2 'any' 'ground' 'any' 3 or @findtype 0x6a3 'any' 'ground' 'any' 3;@useobject! 'found';elseif @findtype 0x6a4 'any' 'ground' 'any' 3 or @findtype 0x6a5 'any' 'ground' 'any' 3;@useobject! 'found';elseif @findtype 0x6a6  'any' 'ground' 'any' 3 or @findtype 0x6a7 'any' 'ground' 'any' 3;@useobject! 'found';elseif @findtype 0x6a8 'any' 'ground' 'any' 3 or @findtype 0x6a9 'any' 'ground' 'any' 3;@useobject! 'found';elseif @findtype 0x6aa 'any' 'ground' 'any' 3 or @findtype 0x6ab 'any' 'ground' 'any' 3;@useobject! 'found';elseif @findtype 0x6ac 'any' 'ground' 'any' 3 or @findtype 0x6ad 'any' 'ground' 'any' 3;@useobject! 'found';elseif @findtype 0x6ae 'any' 'ground' 'any' 3 or @findtype 0x6af 'any' 'ground' 'any' 3;@useobject! 'found';elseif @findtype 0x6b0  'any' 'ground' 'any' 3 or @findtype 0x6b1  'any' 'ground' 'any' 3;@useobject! 'found';elseif @findtype 0x6b2  'any' 'ground' 'any' 3 or @findtype 0x6b3  'any' 'ground' 'any' 3;@useobject! 'found';elseif @findtype 0x6b4  'any' 'ground' 'any' 3 or @findtype 0x6b5  'any' 'ground' 'any' 3;@useobject! 'found';elseif @findtype 0x6b6  'any' 'ground' 'any' 3 or @findtype 0x6b7  'any' 'ground' 'any' 3;@useobject! 'found';elseif @findtype 0x6b8  'any' 'ground' 'any' 3 or @findtype 0x6b9  'any' 'ground' 'any' 3;@useobject! 'found';elseif @findtype 0x6ba  'any' 'ground' 'any' 3 or @findtype 0x6bb  'any' 'ground' 'any' 3;@useobject! 'found';elseif @findtype 0x6bc  'any' 'ground' 'any' 3 or @findtype 0x6bd  'any' 'ground' 'any' 3;@useobject! 'found';elseif @findtype 0x6be  'any' 'ground' 'any' 3 or @findtype 0x6bf  'any' 'ground' 'any' 3;@useobject! 'found';elseif @findtype 0x6c0  'any' 'ground' 'any' 3 or @findtype 0x6c1  'any' 'ground' 'any' 3;@useobject! 'found';elseif @findtype 0x6c2  'any' 'ground' 'any' 3 or @findtype 0x6c3  'any' 'ground' 'any' 3;@useobject! 'found';elseif @findtype 0x6c4  'any' 'ground' 'any' 3 or @findtype 0x6c5  'any' 'ground' 'any' 3;@useobject! 'found';elseif @findtype 0x6c6  'any' 'ground' 'any' 3 or @findtype 0x6c7  'any' 'ground' 'any' 3;@useobject! 'found';elseif @findtype 0x6c8  'any' 'ground' 'any' 3 or @findtype 0x6c9  'any' 'ground' 'any' 3;@useobject! 'found';elseif @findtype 0x6ca  'any' 'ground' 'any' 3 or @findtype 0x6cb  'any' 'ground' 'any' 3;@useobject! 'found';elseif @findtype 0x6cc  'any' 'ground' 'any' 3 or @findtype 0x6cd  'any' 'ground' 'any' 3;@useobject! 'found';elseif @findtype 0x6ce  'any' 'ground' 'any' 3 or @findtype 0x6cf  'any' 'ground' 'any' 3;@useobject! 'found';elseif @findtype 0x6d0  'any' 'ground' 'any' 3 or @findtype 0x6d1  'any' 'ground' 'any' 3;@useobject! 'found';elseif @findtype 0x6d2  'any' 'ground' 'any' 3 or @findtype 0x6d3  'any' 'ground' 'any' 3;@useobject! 'found';elseif @findtype 0x6d4  'any' 'ground' 'any' 3 or @findtype 0x6d5  'any' 'ground' 'any' 3;@useobject! 'found';elseif @findtype 0x6d6  'any' 'ground' 'any' 3 or @findtype 0x6d7  'any' 'ground' 'any' 3;@useobject! 'found';elseif @findtype 0x6d8  'any' 'ground' 'any' 3 or @findtype 0x6d9  'any' 'ground' 'any' 3;@useobject! 'found';elseif @findtype 0x6da  'any' 'ground' 'any' 3 or @findtype 0x6db  'any' 'ground' 'any' 3;@useobject! 'found';elseif @findtype 0x6dc  'any' 'ground' 'any' 3 or @findtype 0x6dd  'any' 'ground' 'any' 3;@useobject! 'found';elseif @findtype 0x6de  'any' 'ground' 'any' 3 or @findtype 0x6df  'any' 'ground' 'any' 3;@useobject! 'found';elseif @findtype 0x6e0 'any' 'ground' 'any' 3 or @findtype 0x6e1   'any' 'ground' 'any' 3;@useobject! 'found';elseif @findtype 0x6e2 'any' 'ground' 'any' 3 or @findtype 0x6e3 'any' 'ground' 'any' 3;@useobject! 'found';elseif @findtype 0x6e4  'any' 'ground' 'any' 3 or @findtype 0x6e5  'any' 'ground' 'any' 3;@useobject! 'found';elseif @findtype 0x6e6  'any' 'ground' 'any' 3 or @findtype 0x6e7  'any' 'ground' 'any' 3;@useobject! 'found';elseif @findtype 0x6e8  'any' 'ground' 'any' 3 or @findtype 0x6e9  'any' 'ground' 'any' 3;@useobject! 'found';elseif @findtype 0x6ea  'any' 'ground' 'any' 3 or @findtype 0x6eb  'any' 'ground' 'any' 3;@useobject! 'found';elseif @findtype 0x6ec  'any' 'ground' 'any' 3 or @findtype 0x6ed  'any' 'ground' 'any' 3;@useobject! 'found';elseif @findtype 0x6ef  'any' 'ground' 'any' 3 or @findtype 0x6f0  'any' 'ground' 'any' 3;@useobject! 'found';elseif @findtype 0x6f1 'any' 'ground' 'any' 3 or @findtype 0x6f2  'any' 'ground' 'any' 3;@useobject! 'found';elseif @findtype 0x6f3 'any' 'ground' 'any' 3 or @findtype 0x6f4  'any' 'ground' 'any' 3;@useobject! 'found';elseif @findtype 0x6f5 'any' 'ground' 'any' 3 or @findtype 0x6f6  'any' 'ground' 'any' 3;@useobject! 'found';elseif @findtype 0x824 'any' 'ground' 'any' 3;@useobject! 'found';elseif @findtype 0x825 'any' 'ground' 'any' 3 or @findtype 0x826 'any' 'ground' 'any' 3;@useobject! 'found';elseif @findtype 0x827 'any' 'ground' 'any' 3 or @findtype 0x8288 'any' 'ground' 'any' 3;@useobject! 'found';elseif @findtype 0x829 'any' 'ground' 'any' 3 or @findtype 0x82a 'any' 'ground' 'any' 3;@useobject! 'found';elseif @findtype 0x82b 'any' 'ground' 'any' 3 or @findtype 0x82c 'any' 'ground' 'any' 3;@useobject! 'found';elseif @findtype 0x82d 'any' 'ground' 'any' 3 or @findtype 0x82e 'any' 'ground' 'any' 3;@useobject! 'found';elseif @findtype 0x82f 'any' 'ground' 'any' 3 or @findtype 0x830 'any' 'ground' 'any' 3;@useobject! 'found';elseif @findtype 0x831 'any' 'ground' 'any' 3 or @findtype 0x832 'any' 'ground' 'any' 3;@useobject! 'found';elseif @findtype 0x833 'any' 'ground' 'any' 3 or @findtype 0x839 'any' 'ground' 'any' 3;@useobject! 'found';elseif @findtype 0x83a 'any' 'ground' 'any' 3 or @findtype 0x83b 'any' 'ground' 'any' 3;@useobject! 'found';elseif @findtype 0x83c 'any' 'ground' 'any' 3 or @findtype 0x83d 'any' 'ground' 'any' 3;@useobject! 'found';elseif @findtype 0x83e 'any' 'ground' 'any' 3 or @findtype 0x83f 'any' 'ground' 'any' 3;@useobject! 'found';elseif @findtype 0x840 'any' 'ground' 'any' 3 or @findtype 0x841 'any' 'ground' 'any' 3;@useobject! 'found';elseif @findtype 0x842 'any' 'ground' 'any' 3 or @findtype 0x843 'any' 'ground' 'any' 3;@useobject! 'found';elseif @findtype 0x844 'any' 'ground' 'any' 3 or @findtype 0x845 'any' 'ground' 'any' 3;@useobject! 'found';elseif @findtype 0x846 'any' 'ground' 'any' 3 or @findtype 0x847 'any' 'ground' 'any' 3;@useobject! 'found';elseif @findtype 0x848 'any' 'ground' 'any' 3 or @findtype 0x84c 'any' 'ground' 'any' 3;@useobject! 'found';elseif @findtype 0x84d 'any' 'ground' 'any' 3 or @findtype 0x84e 'any' 'ground' 'any' 3;@useobject! 'found';elseif @findtype 0x84f 'any' 'ground' 'any' 3 or @findtype 0x850 'any' 'ground' 'any' 3;@useobject! 'found';elseif @findtype 0x851 'any' 'ground' 'any' 3 or @findtype 0x852 'any' 'ground' 'any' 3;@useobject! 'found';elseif @findtype 0x853 'any' 'ground' 'any' 3 or @findtype 0x854 'any' 'ground' 'any' 3;@useobject! 'found';elseif @findtype 0x855 'any' 'ground' 'any' 3 or @findtype 0x856 'any' 'ground' 'any' 3;@useobject! 'found';elseif @findtype 0x857 'any' 'ground' 'any' 3 or @findtype 0x858 'any' 'ground' 'any' 3;@useobject! 'found';elseif @findtype 0x859 'any' 'ground' 'any' 3 or @findtype 0x85a 'any' 'ground' 'any' 3;@useobject! 'found';elseif @findtype 0x85b 'any' 'ground' 'any' 3 or @findtype 0x866 'any' 'ground' 'any' 3;@useobject! 'found';elseif @findtype 0x867 'any' 'ground' 'any' 3 or @findtype 0x868 'any' 'ground' 'any' 3;@useobject! 'found';elseif @findtype 0x869 'any' 'ground' 'any' 3 or @findtype 0x86a 'any' 'ground' 'any' 3;@useobject! 'found';elseif @findtype 0x86b 'any' 'ground' 'any' 3 or @findtype 0x86c 'any' 'ground' 'any' 3;@useobject! 'found';elseif @findtype 0x86d 'any' 'ground' 'any' 3 or @findtype 0x86e 'any' 'ground' 'any' 3;@useobject! 'found';elseif @findtype 0x86f 'any' 'ground' 'any' 3 or @findtype 0x870 'any' 'ground' 'any' 3;@useobject! 'found';elseif @findtype 0x871 'any' 'ground' 'any' 3 or @findtype 0x872 'any' 'ground' 'any' 3;@useobject! 'found';elseif @findtype 0x873 'any' 'ground' 'any' 3 or @findtype 0x874 'any' 'ground' 'any' 3;@useobject! 'found';elseif @findtype 0x875 'any' 'ground' 'any' 3;@useobject! 'found';elseif @findtype 0x1FED 'any' 'ground' 'any' 3 or @findtype 0x1FED 'any' 'ground' 'any' 3;@useobject! 'found';elseif @findtype 0x1FEF 'any' 'ground' 'any' 3 or @findtype 0x1FF0 'any' 'ground' 'any' 3;@useobject! 'found';elseif @findtype 0x1FF1 'any' 'ground' 'any' 3 or @findtype 0x1FF2 'any' 'ground' 'any' 3;@useobject! 'found';elseif @findtype 0x1FF3 'any' 'ground' 'any' 3 or @findtype 0x1FF4 'any' 'ground' 'any' 3;@useobject! 'found';elseif @findtype 0x1FF5 'any' 'ground' 'any' 3 or @findtype 0x1FF6 'any' 'ground' 'any' 3;@useobject! 'found';elseif @findtype 0x1FF7 'any' 'ground' 'any' 3 or @findtype 0x1FF8 'any' 'ground' 'any' 3;@useobject! 'found';elseif @findtype 0x1FF9 'any' 'ground' 'any' 3 or @findtype 0x1FFA 'any' 'ground' 'any' 3;@useobject! 'found';elseif @findtype 0x1FFB 'any' 'ground' 'any' 3 or @findtype 0x1FFC 'any' 'ground' 'any' 3;@useobject! 'found';elseif @findtype 0x67b 'any' 'ground' 'any' 3 or @findtype 0x67c 'any' 'ground' 'any' 3;@useobject! 'found';endif;</macro>
  <macro loop="False" interrupt="True" name="Cortar Corpo">// Macro cortar corpo e abrir bones;//;if not @findobject 'Arma' 'any' 'self' 1;headmsg 'Selecione sua arma.';promptalias 'Arma';endif;if @findtype 0x2006 'any' 'ground' 'any' 3;@useobject! 'Arma';waitingfortarget;@target 'found';headmsg '*Corpo cortado*';else;endif;if @findtype 0xeca 'any' 'ground' 'any' 3 or @findtype 0xecb 'any' 'ground' 'any' 3;useobject 'found';elseif @findtype 0xecc 'any' 'ground' 'any' 3 or @findtype 0xecd 'any' 'ground' 'any' 3;useobject 'found';elseif @findtype 0xece 'any' 'ground' 'any' 3 or @findtype 0xecf 'any' 'ground' 'any' 3;useobject 'found';elseif @findtype 0xed0 'any' 'ground' 'any' 3 or @findtype 0xed1 'any' 'ground' 'any' 3;useobject 'found';elseif @findtype 0xed2 'any' 'ground' 'any' 3;useobject 'found';endif;</macro>
  <macro loop="False" interrupt="True" name="Recall Hid">////;// Macro PvP: Recall com Hiding/Stealth;// Na runa (unica na backpack) ou Runebook (configurar para o seu);////;cancelautotarget;@clearjournal;autotargettype! '0x1f14' 'any' 1;cast "Recall";pause 250;if @injournal 'ainda nao esta' or not @findtype 0x1f14 'any' 'backpack';// Alterar UID e runa!!!;msg '.recall 040077d7c,12';// Usar comando .mostraruid;@canceltarget;endif;if @listexists 'RecallHid';@clearlist 'RecallHid';else;@createlist 'RecallHid';endif;useskill 'Hiding';if @findlayer 'self' 6;@moveitem 'found' 'backpack;pause 750;pushlist 'RecallHid' 'found';endif;if @findlayer 'self' 13;@moveitem 'found' 'backpack;pushlist 'RecallHid' 'found';pause 250;endif;pause 1750;headmsg '*Ficando Hidding*';pause 1500;if hidden 'self';@clearjournal;headmsg '*Usando Stealth*';useskill 'Stealth';pause 500;for 0 to 'RecallHid';useobject 'RecallHid[]';pause 500;endfor;removelist 'RecallHid';waitforjournal 'se mover em silencio' 6000 'system';headmsg '*Modo Stealth*';else;for 0 to 'RecallHid';useobject 'RecallHid[]';pause 500;endfor;removelist 'RecallHid';stop;endif;</macro>
  <macro loop="False" interrupt="True" name="Stealth">if not @listexists 'stealth';@createlist 'stealth';endif;@clearlist 'stealth';if @findlayer 'self' 6;@moveitem 'found' 'backpack;pause 750;pushlist 'stealth' 'found';endif;if @findlayer 'self' 13;@moveitem 'found' 'backpack;pushlist 'stealth' 'found';pause 250;endif;if not hidden 'self';useskill 'Hiding';pause 3000;headmsg '*Ficando Hidding*';while not @hidden 'self';pause 25;endwhile;@clearjournal;headmsg '*Usando Stealth*';useskill 'Stealth';pause 500;for 0 to 'stealth';useobject 'stealth[]';pause 500;endfor;removelist 'stealth';waitforjournal 'se mover em silencio' 6000 'system';headmsg '*Modo Stealth*';else;for 0 to 'stealth';useobject 'stealth[]';pause 500;endfor;removelist 'stealth';stop;else;useskill 'Hiding';endif;</macro>
  <macro loop="True" interrupt="True" name="Tamar">if not @findobject 'taming';headmsg '*Selecione o animal.*';promptalias 'taming';endif;@clearjournal;useskill 'Animal Taming';waitfortarget 2000;target! 'taming';while not @injournal 'nao conseguiu';while not @inrange 'taming' 1;if @x 'taming' > x 'self' and @y 'taming' > y 'self';walk 'Southeast';elseif @x 'taming' &lt; x 'self' and @y 'taming' > y 'self';walk 'Southwest';elseif @x 'taming' > x 'self' and @y 'taming' &lt; y 'self';walk 'Northeast';elseif @x 'taming' &lt; x 'self' and @y 'taming' &lt; y 'self';walk 'Northwest';elseif @x 'taming' > x 'self' and @y 'taming' == y 'self';walk 'East';elseif @x 'taming' &lt; x 'self' and @y 'taming' == y 'self';walk 'West';elseif @x 'taming' == x 'self' and @y 'taming' > y 'self';walk 'South';elseif @x 'taming' == x 'self' and @y 'taming' &lt; y 'self';walk 'North';endif;endwhile;if @injournal 'aceitou voce';headmsg '*Tamou*';autotargetobject! 'taming';usetype 0xf0e '2045' 'backpack';stop;endif;endwhile;</macro>
  <macro loop="True" interrupt="True" name="Mining Minoc">//////////////////////////////////;// Macro de Mining para UOSteam;// Servidor: AnCorp Free Shard;// Data: 06/10/2020;////// Funções ////////////////////////;// * Proteção contra PK em Minoc;// * Mining seletivo;// * Guardar ores raros e smeltar comuns;////// NECESSIDADES ////////////////////////;//;// ** Mina de Minoc ou Mina VIP;// ** Ter um container (baú) em seu banco.;// ** Ter uma Pickaxe e um Smith Hammer consigo.;//;/////// DESCARTAR //////////////////////////////////;// * Por padrão ele vai minerar todos normalmente.;// ** REMOVA as "//" antes de "pushlist" nas linhas do ore comum;// que deseja DESCARTAR na seguinte Lista de Minérios:;///////////////////////////////////////;///////// Lista de Minérios ///////////;//////////////////////////////////////;if not listexists 'Pedras';createlist 'Pedras';endif;if not listexists 'Ores';createlist 'Ores';endif;if not listexists 'Raros';createlist 'Raros';endif;if not listexists 'Comuns';createlist 'Comuns';endif;////;// Comuns;////;@clearlist 'Comuns';//pushlist 'Comuns' 0 // Iron;//pushlist 'Comuns' 2480 // Ceramic;pushlist 'Comuns' 2483 // Bronze;pushlist 'Comuns' 2484 // Silver;//pushlist 'Comuns' 2485 // Gold;//pushlist 'Comuns' 2487 // Radioative;//;// Raros (nao mexer);@clearlist 'Raros';pushlist 'Raros' 2490 // Chaos;pushlist 'Raros' 2489 // Order;pushlist 'Raros' 2492 // Infernal;pushlist 'Raros' 2493 // Celestial;@clearlist 'Pedras';// Pedras;pushlist 'Pedras' 0xf10 // Emerald;pushlist 'Pedras' 0xf11 // Sapphire;pushlist 'Pedras' 0xf0f // Star Sapphire;pushlist 'Pedras' 0xf18 // Tourmaline;pushlist 'Pedras' 0xf13 // Ruby;pushlist 'Pedras' 0xf15 // Citrine;pushlist 'Pedras' 0xf16 // Amethyst;pushlist 'Pedras' 0xf25 // Amber;pushlist 'Pedras' 0xf26 // Diamond;// Ores;@clearlist 'Ores';pushlist 'Ores' 0x19b7 // Um ore;pushlist 'Ores' 0x19ba // Dois ores;pushlist 'Ores' 0x19b8 // Tres ores;pushlist 'Ores' 0x19b9 // Quatro ores;////////////////////////////////////////;// CONFIGURACOES;//////////////////////////////////////;if not listexists 'Pos_X';createlist 'Pos_X';endif;@clearlist 'Pos_X';pushlist! 'Pos_X' -1;pushlist! 'Pos_X' 0;pushlist! 'Pos_X' 1;if not listexists 'Pos_Y';createlist 'Pos_Y';endif;@clearlist 'Pos_Y';pushlist! 'Pos_Y' -1;pushlist! 'Pos_Y' 0;pushlist! 'Pos_Y' 1;if not listexists 'Directions';createlist 'Directions';endif;@clearlist 'Directions';pushlist! 'Directions' 'Southeast';pushlist! 'Directions' 'North';pushlist! 'Directions' 'Northwest';pushlist! 'Directions' 'East';pushlist! 'Directions' 'South';pushlist! 'Directions' 'Southwest';pushlist! 'Directions' 'West';pushlist! 'Directions' 'Northeast';if not listexists 'RunXY';createlist 'RunXY';endif;@clearlist 'RunXY';pushlist! 'RunXY' 'East';pushlist! 'RunXY' 'South';pushlist! 'RunXY' 'Southeast';pushlist! 'RunXY' 'North';pushlist! 'RunXY' 'Northwest';pushlist! 'RunXY' 'Southwest';pushlist! 'RunXY' 'West';pushlist! 'RunXY' 'Northeast';///;//Debug (nao mexer);///;if @findtype 0xe85 'any' 'backpack';@useobject! 'found';if not targetexists;useobject! 'found';endif;elseif @findtype 0xe86 'any' 'backpack';@useobject! 'found';if not targetexists;useobject! 'found';endif;endif;@createtimer 'Guards';pushlist 'Comuns' 1;////;if not @findobject 'ForgeMinoc';headmsg '*Selecione um forge na mina.*';promptalias 'ForgeMinoc';endif;if not @findobject 'bagmining';headmsg 'Selecione o bau em seu banco para guardar os minerios.';msg 'Banker Bank';pause 300;promptalias 'bagmining';useobject 'bagmining';endif;//;// Ir até o forge;// No safe: com +10 raros ou -150 do maximo;// Na VIP: com -5 do maximo;//;if x >= 2557 and x &lt;= 2581;if y >= 474 and y &lt;= 495;if diffweight &lt; 150  or @counttype '0x19b9' '2490' 'backpack' > 10;setalias 'Guardar' 'self';elseif @counttype '0x19b9' '2489' 'backpack' > 10  or @counttype '0x19b9' '2492' 'backpack' > 10;setalias 'Guardar' 'self';elseif @counttype '0x19b9' '2493' 'backpack' > 10;setalias 'Guardar' 'self';endif;endif;endif;if @findalias 'Guardar' or diffweight &lt; 5;headmsg 'Guardando minerios';pause 500;while not @inrange 'ForgeMinoc' 1;if @x 'ForgeMinoc'> x 'self' and @y 'ForgeMinoc'> y 'self';walk 'Southeast';elseif @x 'ForgeMinoc'&lt; x 'self' and @y 'ForgeMinoc'> y 'self';walk 'Southwest';elseif @x 'ForgeMinoc'> x 'self' and @y 'ForgeMinoc'&lt; y 'self';walk 'Northeast';elseif @x 'ForgeMinoc'&lt; x 'self' and @y 'ForgeMinoc'&lt; y 'self';walk 'Northwest';elseif @x 'ForgeMinoc'> x 'self' and @y 'ForgeMinoc'== y 'self';walk 'East';elseif @x 'ForgeMinoc'&lt; x 'self' and @y 'ForgeMinoc'== y 'self';walk 'West';elseif @x 'ForgeMinoc'== x 'self' and @y 'ForgeMinoc'> y 'self';walk 'South';elseif @x 'ForgeMinoc'== x 'self' and @y 'ForgeMinoc'&lt; y 'self';walk 'North';endif;endwhile;//;// Guardar raros e smeltar outros;//;if @findtype 0x13e3 'any' 'backpack';@equipitem 'found' 1;elseif @findtype 0x13e4 'any' 'backpack';@equipitem 'found' 1;else;headmsg 'Nao achou o Martelo';endif;replygump 'any' 0;msg 'Banker Bank';pause 500;for 0 to 'Ores';for 0 to 'Raros';while @findtype 'Ores[]' 'Raros[]' 'backpack';@moveitem 'found' 'bankminerios';pause 1000;endwhile;endfor;while @findtype 'Ores[]' 'any' 'backpack';@useobject 'found';pause 1000;endwhile;endfor;//;// Guardar;//;msg 'banker bank';pause 1000;@clearjournal;for 0 to 'Pedras';if @findtype 'Pedras[]' 'backpack';@moveitem! 'found' 'bagmining';pause 1000;endif;endfor;while @movetype 0x1bf2 'backpack' 'bagmining';pause 1000;endwhile;unsetalias 'Guardar';msg ".disarm";endif;//;// Minerar;//;@cancelautotarget;for 0 to 2;for 0 to 'RunXY';for 0 to 'Directions';for 0 to 'Pos_X';for 0 to 'Pos_Y';@unsetalias 'quit';while not @findalias 'quit';@cancelautotarget;if dead 'self';stop;endif;@autotargettileoffset! 'Pos_X[]' 'Pos_Y[]' 0;pause 50;if @findobject 'righthand';useobject! 'found';elseif @findtype 0xe85 'any' 'backpack';@useobject! 'found';elseif @findtype 0xe86 'any' 'backpack';@useobject! 'found';endif;@clearjournal;@settimer 't_timeout' 0;while @timer 't_timeout' &lt; 15000;///;// Segurança;///;// Chamar guardas;//;if @findobject 'ForgeMinoc';getenemy 'murderer' 'criminal' 'enemy' 'gray' 'humanoid' 'transformation' 'closest';if @inrange 'Enemy' '20' and @timer 'Guards' >= 3000;msg 'Guards';settimer 'Guards'  0;endif;// Ficar sem mana;while mana &lt; 60;if mana &lt; 21;msg '.drinkmana';endif;useskill 'Meditation';pause 3500;endwhile;// Se ficar Paralizado;while paralyzed 'self';autotargetself!;cast "Magic Arrow";pause 2000;endwhile;// Se ficar Poisonado;while poisoned 'self';cast 'cure' self;if @findtype 0xe85 'any' 'backpack';@useobject 'found';elseif @findtype 0xe86 'any' 'backpack';@useobject 'found';endif;pause 2250;turn "Northeast";pause 100;walk "Northeast";pause 100;endwhile;// Se encontrar Fire Field perto;if @findtype 0x398c 'any' 'ground' 'any' 3;turn "Northeast";pause 100;walk "Northeast";pause 100;if skill 'Magery' >= 75;cast "Mass Dispel";if @findtype 0xe85 'any' 'backpack';@useobject 'found';elseif @findtype 0xe86 'any' 'backpack';@useobject 'found';endif;pause 4750;else;pause 1000;endif;endif;// Usar bandage;if hits &lt; 90;if @findtype 0xe21 'any' 'backpack';turn "Northeast";pause 100;walk "Northeast";pause 100;autotargetself!;useobject! 'found';pause 4500;else;if @timer 'Bandage' >= 7000;@settimer 'Bandage' 0;headmsg 'Sem Bandage na Backpack' 50 'self';break;endif;endif;endif;endif;// Se morrer :(;if dead 'self';stop;endif;//;//  Jornal;//;if  @injournal 'Voce nao encontrou' 'system';break;endif;if @injournal 'Voce pos' 'system';if @injournal 'order' 'system' or @injournal 'chaos' 'system;break;elseif @injournal 'celestial' 'system' or @injournal 'infernal' 'system';break;else;for 0 to 'Ores';for 0 to 'Comuns';if @findtype 'Ores[]' 'Comuns[]' 'backpack';moveitemoffset 'found' 'ground';endif;endfor;endfor;endif;@setalias 'quit' 'self';break;elseif @injournal 'Nao ha nada aqui' 'system' or @injournal 'Tente minerar em outro' 'system';@setalias 'quit' 'self';break;elseif @injournal 'Voce nao tem uma' 'system' or @injournal 'You cannot mine' 'system';@setalias 'quit' 'self';break;endif;endwhile;@clearjournal;if @findobject 'ForgeMinoc';if diffweight &lt; 150  or @counttype '0x19b9' '2490' 'backpack' > 10;replay;endif;elseif diffweight &lt; 5;replay;endif;endwhile;endfor;endfor;for 4;walk 'Directions[]';endfor;endfor;for 8;walk 'RunXY[]';endfor;endfor;// by tork;</macro>
  <macro loop="False" interrupt="True" name="Last PField">@autotargettilerelative! 'enemy' 0 'false';cast "Paralyze Field";</macro>
  <macro loop="True" interrupt="True" name="Smelt 2 em 2">//;// Macro de Smelt 2 em 2 para GShard.;// Ter um baú com os minérios e ingots.;// Estar em frente a um forge.;//;if not @findobject 'baumineriosmelt';headmsg 'Selecione o bau com ores e ingots.';promptalias 'baumineriosmelt';endif;if not @findobject 'hammer';headmsg 'Selecione o Smith Hammer.';promptalias 'hammer';endif;//;// Pegar minerios;//;if @findtype '0x19b9' 'any' 'baumineriosmelt';@moveitem 'found' 'backpack' (0 0 0) 2;pause 1000;endif;//;// Smeltar;//;useobject 'hammer';waitforgump 'any' 10000;if @gumpexists 0x483;@replygump 0x483 0;elseif @gumpexists 0x484;@replygump 0x484 0;elseif @gumpexists 0x485;@replygump 0x485 0;endif;while not @injournal 'voce esmeltou o ore' 'system';while @findtype 0x19ba 'any' 'backpack';useobject 'found';pause 1000;endwhile;if @injournal 'nao conseguiu' 'system';@movetype 0x19b7 'backpack' 'baumineriosmelt' 0 0 0 'any';pause 1000;break;endif;endwhile;@clearjournal;//;// Guardar;//;@clearjournal;@movetype 0x1bf2 'backpack' 'baumineriosmelt' 0 0 0 'any';pause 1000;</macro>
  <macro loop="False" interrupt="True" name="Self Poison Field">@cancelautotarget;@autotargettilerelative! 'self' 0 'false';cast "Poison Field";</macro>
  <macro loop="False" interrupt="True" name="Self Mass Dispel">cast 'Mass Dispel';</macro>
  <macro loop="False" interrupt="True" name="Pfield">headmsg 'Paralyze Field' 500;cast "Paralyze Field";</macro>
  <macro loop="False" interrupt="True" name="Ppoison">headmsg 'Poison Field' 550;cast "Poison Field";</macro>
  <macro loop="False" interrupt="True" name="Pfire">headmsg 'Fire Field' 555;cast "Fire Field";</macro>
  <macro loop="True" interrupt="True" name="a Fazer Ultimo">replygump 'any' 5008;waitforgump 'any' 15000;</macro>
  <macro loop="False" interrupt="True" name="Last Wall">cast "Wall of Stone";targettilerelative 'enemy' 2 'true';</macro>
  <macro loop="False" interrupt="True" name="Self Arrow Explosion">if @findtype 0xf0e 21 'backpack';autotargettype!  0xf0e 21;cast 'Magic Arrow';else;headmsg 'Sem pocao de explosion.' 55;endif;</macro>
  <macro loop="False" interrupt="True" name="Discordance">////;// Macro PvM para usar Discordance;////;if not @findobject 'discordt';headmsg '*Selecione o animal para Discordance*';promptalias 'discordt';endif;@clearjournal;useskill 'Discordance';waitfortarget 15000;target! 'discordt';while not @injournal 'reduzindo a forca' 'system';if @injournal 'ja esta em' 'system';stop;endif;if @injournal 'nao conseguiu' 'system';replay;endif;endwhile;headmsg '*Animal em discordia*' 33 'discordt';stop;</macro>
  <macro loop="False" interrupt="True" name="Last Flamestrike">if @findtype 0x1f5f 'backpack';autotargetenemy!;useobject! 'found';else;headmsg 'Sem scroll FS.' 55;autotargetenemy!;cast 'Flame Strike';endif;</macro>
  <macro loop="False" interrupt="True" name="Wrestling Veterinary">//////;// Macro de Wrestling;// Ter um horse;// Ter bastante bandage na backpack;//////;// Selecionar os animais;if not @findobject 'wrestling';headmsg '*Selecione o animal.*';promptalias 'wrestling';endif;// Atacar;attack 'wrestling';// Mandar parar quando descer o life;while hits 'wrestling' >= 15;pause 250;endwhile;warmode 'off';pause 250;warmode 'off';// Curar os animais;while diffhits 'wrestling' > 10;if hits 'wrestling' &lt; maxhits;if findtype 0xe21 'any' 'backpack';autotargetobject 'wrestling';useobject 'found';pause 5500;else;headmsg 'Limpando bandage.';findtype 0xe20 'any' 'backpack';autotargetobject 0x40355084;useobject 'found';pause 250;endif;endif;endwhile;</macro>
 </macros>
 <spellgrid>
  <grid name="Ataque" enabled="True" x="269" y="906" locked="True"/>
  <grid name="Defesa" enabled="True" x="269" y="830" locked="True"/>
  <grid name="Fields" enabled="True" x="346" y="983" locked="True"/>
  <grid name="Outros" enabled="True" x="346" y="1059" locked="True"/>
 </spellgrid>
 <organizer>
  <group loop="False" stack="False" name="Mapa barco" source="0x400b04aa" complete="True" target="0x402364e3">
   <item amount="0x0" graphic="0x14eb"/>
  </group>
  <group loop="False" stack="False" name="SoS barco" source="0x400b04aa" complete="True" target="0x4026957c">
   <item amount="0x0" graphic="0x99f"/>
  </group>
  <group loop="False" stack="False" name="Brinco luck" source="0x400bd836" complete="True" target="0x40061c6c">
   <item amount="0x0" graphic="0x1087"/>
  </group>
  <group loop="False" stack="False" name="Bau" source="0x4018ec24" complete="True" target="0x4025dd2a">
   <item amount="0x0" graphic="0xf11"/>
   <item amount="0x0" graphic="0xf25"/>
   <item amount="0x0" graphic="0xf18"/>
   <item amount="0x0" graphic="0xf0f"/>
   <item amount="0x0" graphic="0xf16"/>
   <item amount="0x0" graphic="0xf13"/>
   <item amount="0x0" graphic="0xf10"/>
   <item amount="0x0" graphic="0xf15"/>
   <item amount="0x0" graphic="0xeed"/>
   <item amount="0x0" graphic="0xf26"/>
   <item amount="0x0" graphic="0xf85"/>
   <item amount="0x0" graphic="0xf8d"/>
   <item amount="0x0" graphic="0xf88"/>
   <item amount="0x0" graphic="0xf8c"/>
   <item amount="0x0" graphic="0xf7b"/>
   <item amount="0x0" graphic="0xf84"/>
   <item amount="0x0" graphic="0xf7a"/>
   <item amount="0x0" graphic="0xf86"/>
  </group>
  <group loop="False" stack="False" name="SoS aberto" source="0x4000b2f0" complete="True" target="0x4000c1ff">
   <item amount="0x0" graphic="0x14ed"/>
  </group>
  <group loop="False" stack="False" name="Rune" source="0x4025dd2a" complete="False" target="0x400ccde1">
   <item amount="0xa" graphic="0x1f14"/>
  </group>
  <group loop="False" stack="False" name="Reagentes" source="0x4025dd2a" complete="True" target="0x4019fddf">
   <item amount="0x0" graphic="0xf8d"/>
   <item amount="0x0" graphic="0xf88"/>
   <item amount="0x0" graphic="0xf85"/>
   <item amount="0x0" graphic="0xf8c"/>
   <item amount="0x0" graphic="0xf86"/>
   <item amount="0x0" graphic="0xf7b"/>
   <item amount="0x0" graphic="0xf84"/>
   <item amount="0x0" graphic="0xf7a"/>
  </group>
  <group loop="False" stack="False" name="Pedras" source="0x4025a215" complete="True" target="0x40177841">
   <item amount="0x0" graphic="0xf10"/>
   <item amount="0x0" graphic="0xf15"/>
   <item amount="0x0" graphic="0xf0f"/>
   <item amount="0x0" graphic="0xf13"/>
   <item amount="0x0" graphic="0xf25"/>
   <item amount="0x0" graphic="0xf16"/>
   <item amount="0x0" graphic="0xf11"/>
   <item amount="0x0" graphic="0xf18"/>
   <item amount="0x0" graphic="0xf26"/>
  </group>
  <group loop="False" stack="True" name="Organizer-9" source="0x4025dd2a" complete="True" target="0x402784f7">
   <item amount="0x0" graphic="0x108a"/>
  </group>
 </organizer>
 <autoloot>
  <enabled>False</enabled>
  <container>0x4025dd2a</container>
  <guards>False</guards>
 </autoloot>
 <vendors>
  <buystate enabled="False" list=""/>
  <sellstate enabled="False" list=""/>
  <shoppinglist limit="999" name="Bolts" complete="False" type="Buy">
   <item amount="800" graphic="0x1bfb"/>
  </shoppinglist>
  <shoppinglist limit="999" name="Reags" complete="False" type="Buy">
   <item amount="999" graphic="0xf7a"/>
  </shoppinglist>
  <shoppinglist limit="999" name="Reags FS" complete="False" type="Buy">
   <item amount="999" graphic="0xf8d"/>
  </shoppinglist>
  <shoppinglist limit="999" name="Eyes of Newt" complete="False" type="Buy">
   <item amount="999" graphic="0xf87"/>
  </shoppinglist>
  <shoppinglist limit="999" name="Nightshade" complete="False" type="Buy">
   <item amount="999" graphic="0xf88"/>
  </shoppinglist>
  <shoppinglist limit="999" name="Ginseng" complete="False" type="Buy">
   <item amount="999" graphic="0xf85"/>
  </shoppinglist>
  <shoppinglist limit="999" name="Blank Scroll" complete="False" type="Buy">
   <item amount="999" graphic="0xe34"/>
  </shoppinglist>
  <shoppinglist limit="999" name="Black Pears" complete="False" type="Buy">
   <item amount="1" graphic="0xf7a"/>
  </shoppinglist>
  <shoppinglist limit="20" name="Pedras Preciosas" complete="False" type="Sell">
   <item amount="999" graphic="0xf18"/>
   <item amount="999" graphic="0xf13"/>
   <item amount="999" graphic="0xf26"/>
   <item amount="999" graphic="0xf0f"/>
   <item amount="999" graphic="0xf11"/>
   <item amount="999" graphic="0xf15"/>
  </shoppinglist>
 </vendors>
</profile>
